Judul;Views;Like;Kategori
Anggap Daring Pembodohan, Plt Bupati Kudus Minta UTS Digelar di Sekolah;29;2;Jateng-DIY
DPR Kritik Niatan PKS Mau Kampanye Golput di Pilkada Solo;11;0;Nasional
Adly Fairuz Disebut Cucu Wapres Ma?ruf Amin, Ini Bantahan Jubir;8;2;Nasional
Segera Gelar Perkara, Jampidsus Kembali Sidik Pinangki Besok;7;6;Nasional
Usai Tes Swab, 22 Anggota Bawaslu Boyolali Diketahui Positif Corona;26;4;Jateng-DIY
Paripurna DPR Sahkan UU MK;20;2;Jateng-DIY
DPR Minta Aparat Beri Hukuman Berat Artis Terlibat Narkoba;8;8;Nasional
Pemprov Luncurkan Bus Trans Jateng Purworejo-Magelang, 9 Hari Gratis;64;158;Jateng-DIY
BPS Umumkan Harga Beras Semua Kualitas Naik;9;2;Nasional
Kak Seto Akan Cek Rekomendasinya Terkait Polisikan Ayah Atta Halilintar;15;2;Entertaintment
Usai Posting soal Covid-19 Tara Basro Jadi Sasaran Bully;24;10;Entertaintment
Ahli Epidemiologi Prediksi Puncak Corona di Indonesia Pertengahan 2021;74;4;Nasional
Eko ?Patrio? Anggap PAN Reformasi Hoax;8;0;Nasional
5 Pasang Peserta Pilkada Jateng Bakal Dicek Kesehatannya di RSST Klaten;7;0;Jateng-DIY
Leher Terikat Tali Pria Jepara Ditemukan Tewas di Dalam Sumur;15;8;Jateng-DIY
Siapkan Visi Misi, Gibran-Teguh Bakal Daftar Pilkada Solo Hari Jumat;10;0;Jateng-DIY
Oknum TNI Perusakan Polsek Ciracas yang Ditahan Terus Bertambah!;9;0;Nasional
4 Ketua PAC PDIP di Medan Dicopot Gegara Tolak Dukung Bobby Nasution;12;0;Nasional
Kasus Positif Corona-19 di RI Per 1 September, Tambah 2.775 Jadi 177.571;6;0;Nasional
Pemulihan Ekonomi Pascapandemi di Solo Jadi Misi Gibran di Pilkada;10;0;Jateng-DIY
Gudang Pabrik Elektronik di Demak Terbakar;163;127;Jateng-DIY
Denda Rp 50 Ribu-5 Juta bagi Pelanggar Protokol Kesehatan di Kudus;20;0;Jateng-DIY
Elektabilitas Tinggi, Golkar-NasDem-PKS Usung Wakil Bupati Petahana di Pilkada Sleman;54;0;Jateng-DIY
Aldi Taher Dapat Banyak Dukungan Maju di Pilgub 2020;26;0;Entertaintment
Ini 43 Wilayah RI Naik ke Risiko Tinggi Penularan Covid-19;10;0;Nasional
Novel Baswedan Sebut Masa Kritis Keluarganya karena Covid-19 Sudah Lewat;12;0;Nasional
Administrasi Lengkap, Wakil Bupati Petahana Daftar Pilkada Sleman Jumat;23;0;Jateng-DIY
Naik 32,9% Kasus Positif Corona Sepekan di RI, Jabar-Jateng Tertinggi;5;0;Nasional
Digelar Serentak di Masa Pandemi, Ini Jadwal Tahapan Pilkada 2020;26;0;Nasional
Kabupaten-Kota di Indonesia Ini Masuk Zona Hijau Corona;23;0;Nasional
SKB CPNS Digelar di 269 Lokasi Digelar Hari Ini;13;0;Ekonomi
Desa di Klaten Ini Semi Lockdown Gegara 36 Warga-Pamong Positif Corona;30;0;Jateng-DIY
Madrid Juara Liga Spanyol, Lagi-lagi Makan ?Korban? di Barcelona;12;0;Sport
Punya Utang Miliaran Rupiah, Gajah Duduk Lolos dari 6 Sidang PKPU;80;0;Ekonomi
Dipersulit Barcelona, Messi Galang Pasukan Agar Bisa Hengkang;15;0;Sport
Erwin Aksa Umumkan Dirinya Positif Corona;21;0;Nasional
Sakit Paru-paru, Napi Teroris di Lapas Nusakambangan Meninggal;20;2;Jateng-DIY
Usai Ijab Kabul Sepasang Pengantin Baru di Karanganyar Positif Corona;21;4;Jateng-DIY
Aktivis Kotak Kosong Buka Opsi Kampanye Golput di Pilkada Solo;24;2;Jateng-DIY
Serikat Pekerja AJB Bumiputera 1912 Gugat OJK RI;215;0;Ekonomi
Kebakaran Landa Gudang Mebel di Kudus, Pemilik Rugi Rp 3 M;207;394;Jateng-DIY
Ungkapan Belasungkawa Jokowi Atas Meninggalnya 100 Dokter karena Corona;19;3;Nasional
Ketua Satgas Covid-19: Dokter Adalah Pasukan Khusus, Jangan Ada yang Wafat Lagi;12;2;Nasional
Setelah 17 Jam Kebakaran Gudang Pabrik Polytron Berhasil Dipadamkan;380;225;Jateng-DIY
Penggerak Kotak Kosong di Pilkada Solo Bikin Aksi Coblosi Semua Paslon;12;4;Jateng-DIY
Daftar Pilkada Solo ke KPU, Paslon Independen Rencana Naik Kuda Hitam;12;2;Jateng-DIY
Hari Jumat 2 Bapaslon Pilkada Bantul Akan Daftar ke KPU;10;2;Jateng-DIY
Hendak Diperiksa di Kejagung, Pinangki Hadir Berompi Pink;16;3;Nasional
Kaesang Bikin Penipu Lelang Fiktif Minta Ampun;19;2;Entertaintment
Kini Jomblo, Anya Geraldine Ingin Cari Suami dengan Cara Taaruf;20;0;Entertaintment
Richard Kyle Temani El Barack Sekolah, Jessica Iskandar Menangis;24;2;Entertaintment
Lama Menanti Andhika Pratama Akhirnya Punya Anak Laki-laki;8;2;Entertaintment
Niat Mantan Istri Kedua Ayah Atta Halilintar Bersuara, Ingin Anak Diakui;15;2;Entertaintment
Hanya Kemenag yang Keluarkan Rekomendasi Kuliah di Al Azhar;13;5;Nasional
PKB Komentari Ajakan PKS untuk Golput di Solo: Bisa Dipidana!;11;2;Nasional
Sebaran Corona di Klaten Merata, Tak Bermasker Dikenai Sanksi;30;0;Jateng-DIY
Polisi Gerebek Pesta Gay di Kuningan Jaksel, 9 Orang Ditahan;59;0;Nasional
Barbie Kumalasari Jadi Tim Kuasa Hukum Vicky Prasetyo;11;0;Entertaintment
Selain Terminator, Ini Film Favorit Arnold Schwarzenegger;7;0;Entertaintment
Pacaran dengan Brotoseno, Tata Janeeta Tak Mau Jadi Pelakor;14;0;Entertaintment
Penjelasan Pertamina Soal BBM Premium Dihapus;11;1;Ekonomi
Gunungkidul Perpanjang Uji Coba Destinasi Wisata;29;9;Nasional
BPJS Ketenagakerjaan DIY Cairkan Klaim Sebesar Rp 226 Miliar;25;3;Ekonomi
Lukisan 3D Hiasi Tembok Rumah Warga Magelang;18;2;Jateng-DIY
Sejak Februari 2020 Raden Brotoseno Bebas Bersyarat;22;7;Nasional
Jamasan Kereta Kencana Beda Dibanding Tahun Sebelumnya;13;2;Jateng-DIY
Kena Corona Pedagang Kelontong di Yogya Meninggal, 2 Keluarganya Positif;3935;2;Jateng-DIY
Mutasi Corona D614G Juga Ditemukan di DIY- Jateng;14;2;Jateng-DIY
Siapkan Rp 1,6 T, Menhub Bangun 16 Bandara Tahun Depan;23;8;Ekonomi
Tak Dipecat dari PNS, 2 Terpidana Susur Sungai Sempor Bisa Ngajar Usai Jalani Hukuman;535;524;Jateng-DIY
BMW X5 Pinangki Dibeli Tahun Ini, Kejagung Menduga dari Hasil Suap;20;0;Nasional
Menag Minta Ponpes Laporkan Klater Corona, Janji Tak Akan Umumkan;9;0;Nasional
IDI Harap Penghapusan Isolasi Mandiri Tidak Bebani Fasilitas Kesehatan;24;0;Nasional
Kasus Peretasan Situs Tempo.co dan Tirto Mulai Digali Polisi, Saksi Diperiksa;4;0;Nasional
Daftar Pilkada, Bupati Petahana Klaten Rencananya Naik Kereta Kencana;7;0;Jateng-DIY
Maksimal 42 Orang, KPU Solo Batasi Rombongan Pendaftar Peserta Pilkada;6;0;Jateng-DIY
Eiichiro Oda Konfirmasi Manga One Piece Segera Berakhir;17;0;Entertaintment
Umi Pipik Idap Tumor Kelenjar Getah Bening;16;0;Entertaintment
Bebas dari Penjara, Roro Fitria Ingin Jadi Ustadzah;15;0;Entertaintment
DJ Erick Morillo Pencipta I Like to Move It Meninggal Dunia Misterius;58;0;Entertaintment
Polda Jateng Periksa Sejumlah Kades di Brebes, Terkait Kasus Pengadaan SID;21;2;Jateng-DIY
Eri-Armuji Dapat Rekom PDIP Maju Pilkada Surabaya;12;0;Nasional
Polisi Selidiki Penyebab Kebakaran Gudang Pabrik Polytron Demak;25;0;Jateng-DIY
Boyolali Izinkan 54 SMP Gelar Sekolah Tatap Muka Pekan Depan;15;0;Jateng-DIY
Kenaikan Kasus Covid-19 Tertinggi Disumbangkan 4 Provinsi di Jawa Ini;15;0;Nasional
Mutasi Corona D614G Disebut 10 Kali Lebih Menular, Ini Penegasan Menristek;60;3;Nasional
Janji Tak Bawa Massa dan Patuhi Protokol Kesehatan, Pasangan ORI Daftar Pilkada Hari Kedua;21;0;Jateng-DIY
Kasus Positif Covid-19 di RI Per 2 September Tambah 3.07, Jadi 180.646;22;6;Nasional
Digerebek, 56 Pria Ikut Pesta Gay di Kuningan;157;2;Nasional
Begini Penampakan 9 Peserta Pesta Gay Jaksel yang Ditahan Polisi;125;2;Nasional
Golput Dinilai Riskan, Kaukus Muda PKS Masih Dukung Gibran;15;3;Jateng-DIY
Dua Pasangan di Pilkada Bantul Sepakat Tak Kerahkan Massa ke KPU;17;2;Jateng-DIY
Ini Dia Jadwal Liga Italia 2020/2021;9;2;Sport
ASN Jateng yang Tak Patuhi Protokol Kesehatan Akan Didenda;12;8;Nasional
Andi Irfan Teman Dekat Pinangki Resmi Ditahan di Rutan KPK;23;4;Nasional
Viral Akun Diduga Ayah Nagita Slavina Curhat Susah Ketemu Cucu;38;5;Entertaintment
Peduli Covid-19, JNE Serahkan Donasi kepada Pemprov Jateng;13;7;Jateng-DIY
KPU Wajibkan Paslon Lampirkan Hasil Swab Negatif Saat Daftar Pilkada;11;2;Jateng-DIY
Kasus Corona Klaster Soto Lamongan Yogya Ditracing yang Positif Tambah 13;36;5;Jateng-DIY
Sama Seperti Bapaknya, Gibran Bakal Naik Kereta Kencana Saat Daftar Pilkada Besok;9;7;Jateng-DIY
Viral, Asrama Polisi Manahan Solo Dikabarkan Jadi Klaster Covid-19;73;2;Jateng-DIY
Dikabarkan Sempat Membaik, Pilot Pesawat Tempur TNI AU Tergelincir di Madiun Meninggal;67;7;Nasional
Kejati Bali Juga Tolak Permohonan Penangguhan Penahanan Jerinx;9;3;Nasional
Tangisan Keluarga Iringi Pemakaman Pilot Pesawat Tempur yang Tergelincir di Lanud Iswahjudi;36;2;Nasional
Wiranto Bantah Serahkan Kantor Hanura di Cipayung untuk Dimiliki OSO;20;4;Nasional
Petani di Magelang Pilih Sedekahkan Sayuran ke Warga Gegara Harga Anjlok;24;2;Nasional
PDIP Jagokan Wakil Walkot Petahana di Pilkada Kota Pekalongan;17;2;Jateng-DIY
Ini Respons Tim Gibran-Teguh dan Bajo Tanggapi PKS Solo Buka Opsi Golput;12;3;Jateng-DIY
Dataran Tinggi Dieng Diguncang Gempa Darat;19;2;Jateng-DIY
Belasan Warga Klaten Dihukum Nyapu Jalanan karena Bandel Tak Pakai Masker;106;239;Jateng-DIY
Maksimal 20 Orang, KPU Bantul Batasi Jumlah Rombongan Saat Daftar Pilkada;5;0;Jateng-DIY
Suami yang Bakar Anak Istri di Pekalongan Akhirnya Tewas;1372;442;Jateng-DIY
Razia Masker di Kudus, Seorang ASN Ikut Terjaring;45;67;Jateng-DIY
Musisi Inisial JH Ditangkap Anggota Polres Jakut Terkait Narkoba;14;5;Nasional
Jadi Tersangka Perusakan Polsek Ciracas dll, 29 Prajurit TNI Langsung Ditaha;11;2;Nasional
Diduga Pakai Narkoba, Urine Prada Ilham Biang Kerok Rusuh Polsek Ciracas Dicek;74;2;Nasional
Kerugian Penyerangan oleh Oknum Prajurit Sementara Ditalangi Petinggi TNI AD;15;3;Nasional
Rapat Komisi VIII DPR-BNPB Tak di Ruang Komisi Gegara Ada Staf Kena Corona;11;2;Nasional
Musisi Inisial JH Ditangkap Terkait Narkoba, Ini Penampakannya;510;2;Entertaintment
Ada Logam Bersarang, Ini Penjelasan RSPAD Soal Kondisi Korban Penganiayaan Oknum TNI;10;2;Nasional
8 Oknum Anggota AU ? AL Diduga Terlibat dalam Aksi Perusakan Polsek Ciracas;29;2;Nasional
Berkas Kasus Red Notice-Surat Jalan Djoko Tjandra Dilimpahkan ke Kejagung;10;3;Nasional
Jejak Andi Irfan Teman Dekat Pinangki: dari Lembaga Survei-Tersangka Suap;24;4;Nasional
Satu Pilot Pesawat Tempur yang Tergelincir di Lanud Iswahjudi Masih Dirawat;14;2;Nasional
Menohok, Ini 9 Poin Curhatan Akun Ayah Nagita Slavina;42;6;Entertaintment
Penjelasan Raffi Ahmad dan Nagita Soal Gideon Tengker yang Disebut Ngamuk;19;5;Entertaintment
Disebut Bukan Cucu Ma?ruf Amin, Adly Fairuz Buka Suara;19;0;Entertaintment
Eiichiro Oda Yakinkan Fans Manga One Piece Chapter 1.000 Akan Menghipnotis;23;0;Entertaintment
Sosok Gideon Tengker, Gitaris Drakhma Berkharisma;29;0;Entertaintment
Setelah Dataran Tinggi Dieng, Kini Bantul Digoyang Gempa;21;0;Jateng-DIY
Pesan PKS Jateng ke PKS Solo, Golput Jangan Abstain Silakan;12;4;Jateng-DIY
PDIP Minta PKS Solo Lebih Baik Diam Ketimbang Kampanye Golput;21;0;Jateng-DIY
Musisi JH yang Ditangkap karena Narkoba Adalah Eks Drummer BIP;79;2;Entertaintment
Viral Seorang Dokter di Surabaya Bunuh Diri Diduga korban Bullying Senior;47;2;Nasional
Dwayne Johnson ?The Rock? dan Keluarga Positif Terinfeksi Virus Corona;10;2;Entertaintment
Data IDI 2 Bulan Terakhir: Per Hari 1 Dokter Meninggal Dunia Akibat Covid-19;19;2;Nasional
Cermati Perilaku Konsumen E-Commerce, PermataBank Maksimalkan Keunggulan PermataShoppingCard;17;2;Ekonomi
Erick Thohir Ancam Tutup Pabrik Tak Terapkan Protokol Kesehatan;12;2;Ekonomi
Heboh Kabar Ariel Tatum Pacari Pengusaha Batu Bara;23;2;Entertaintment
Hanura Jagokan Ngebas Maju Pilkada Kabupaten Semarang Editor;16;3;Nasional
Kades-Plt Sekdes di Purworejo Ditangkap, Diduga Korupsi Dana Desa Rp 1 M;13481;1100;Jateng-DIY
Viral Video TKW Asal Pemalang Babak Belur Dianiaya Majikan di Jeddah;49;3;Jateng-DIY
Pakar UGM Sebut Komunikasi Publik Tugas Pejabat, Bukan Influencer;10;4;Jateng-DIY
Suami Bakar Anak ? Istri Ngaku Didatangi Mendiang Korban;13;6;Jateng-DIY
Pendukung Paslon Diminta Nonton di Rumah, KPU Magelang Gelar Live Streaming;9;2;Jateng-DIY
Rayakan HUT Ke-20, IW Bank Jateng Beri Ribuan Paket Sembako dan Wastafel Pedal;18;2;Ekonomi
Larang Kader Ikut Rombongan, Daftar ke KPU Gibran ? Teguh Bawa 40 Orang;8;2;Jateng-DIY
2021 Sebanyak 20 Juta Pedagang Kecil Bakal Dapat Bantuan Rp 2,4 Juta;10;5;Ekonomi
Panitia Konferprov PWI Jateng Buka Pendaftaran Calon Ketua;27;2;Jateng-DIY
Kasus Corona di Indonesia Hari Ini: 2.084 Sembuh, 134 Orang Meninggal;15;2;Nasional
Tambah 3.622 Kasus Corona RI Hari Ini Total 184.268, Pecah Rekor Lagi!;9;2;Nasional
Batal Naik Kereta Kencana Saat Daftar KPU, Gibran-Teguh Pilih Gowes Saja;14;5;Jateng-DIY
Maksimalkan Media Sosial untuk Bela Negara;13;2;Jateng-DIY
Jalan Kaki Bereng 300 Pendukung, Paslon Pilkada Rembang Harno-Bayu Daftar Besok;38;0;Jateng-DIY
Proses Pemakaman Suami yang Bakar Istri dan Anak Dikawal Polisi;944;499;Jateng-DIY
Wiyanti Dapat Motor pada Pengundian Hadiah Kredit PLO Bank Jateng Banjarnegara;35;0;Jateng-DIY
Hidupkan Perpustakaan DPRD DIY Siapkan Perda;36;0;Jateng-DIY
Satgas Covid Minta Tidak Ada Pengerahan Massa di Pilkada;13;0;Nasional
Lionel Messi Diklaim Akan Tuntaskan Kontraknya dengan Barcelona;16;0;Sport
Hari Ini Dibuka Lagi, Pendaki Gunung Prau-Bismo dari Luar Wonosobo Wajib Tes Corona;32;3;Jateng-DIY
Kejagung Sebut Anita Kolopaking Terima Jatah Rp 500 Juta dari Pinangki;38;2;Nasional
Kisah Hijabers Asal Cilacap Menikah dengan Bule Amerika Mualaf;80;21;Jateng-DIY
UAS: Lovers Semoga Berkah, Hatters Semoga Dapat Hidayah;22;2;Nasional
Anak Tukang Bubur Keliling Jadi Taruna Akmil;47;2;Nasional
Hari Ini Pendaftaran Pilkada Dibuka, Mendagri: Tidak Ada Arak ? arakan dan Konvoi!;12;3;Nasional
Bursa Pilkada di Jateng-DIY Diramaikan Para Istri Bupati;19;2;Jateng-DIY
Menimbang kekuatan Gibran di Pilkada Solo yang Didukung Mayoritas Parpol;14;6;Jateng-DIY
Wilayah Bantul Diguncang Gempa Darat, BMKG Imbau Warga Tenang;13;2;Jateng-DIY
Jalankan Telegram Kapolri, Kabareskrim Perintah Jajarannya Netral dan Tunda Proses Hukum Peserta Pilkada 2020;11;3;Nasional
Ucapan Puan ?Semoga Sumbar Dukung Negara Pancasila? Berujung Desakan Minta Maaf;216;2;Nasional
Terinfeksi Covid-19, Abdul Gafur Menpora Era Orde Baru Meninggal Dunia;27;2;Nasional
Dari Aktivis ke Menpora Orde Baru, Ini Kisah Perjalanan Karier Abdul Gafur;12;3;Nasional
Diantar 300 Orang Pendukung, Jagoan Demokrat-NasDem Daftar ke KPU Rembang;22;2;Nasional
Eks Drummer BIP Jaka Hidayat Konsumsi Sabu Sejak 2002;12;0;Entertaintment
MA Wajibkan UAS Beri Nafkah ke Anak Rp 5 Juta/Bulan hingga Dewasa;11;0;Entertaintment
4 Wisatawan Asal Madiun Tergulung Ombak Pantai Parangtritis Yogya, 1 Hilang;34;0;Jateng-DIY
3 Berkas Perkara Surat Jalan Djoko Tjandra Dilimpahkan Bareskrim ke Kejagung;9;2;Nasional
Kejaksaan Agung Mendadak Periksa Pinangki Siang Ini;17;2;Nasional
Positif Narkoba, Jaka Hidayat Eks Drummer BIP Jadi Tersangka Kasus Narkoba;8;2;Entertaintment
Ini Dokumen yang Kena Bea Meterai Rp 10.000;11;2;Ekonomi
Jajaran Direksi Indosat Dipolisikan Serikat Pekerja;16;2;Ekonomi
Softex Indonesia Diakuisisi Perusahaan AS Rp 17 T;27;2;Ekonomi
Indosat Buka Suara Soal Serikat Pekerja Seret Direksi ke Polisi;14;2;Ekonomi
Dinilai Melemahkan Daya Beli, PKS Tolak Bea Meterai Naik Jadi Rp 10.000;9;0;Ekonomi
Daftar Prakerja Gelombang 7 Dibuka Ini Syarat dan Cara Cairkan Insentif;36;2;Ekonomi
Kisah Poligami Ayah Atta Halilintar Dimulai 1998;14;2;Entertaintment
Star Trek: Discovery Kehadiran Aktor Transgender Pertama;10;0;Entertaintment
Novel Air Mata Api Terinspirasi dari 12 Lagu Iwan Fals;7;0;Entertaintment
Deretan Aksi Dwayne Johnson yang Gila-gilaan di Film;6;0;Entertaintment
Tetap Tak Sepi Peminat, Virtual Symphony On The Go Digelar Besok;5;0;Entertaintment
Syuting The Batman Ditunda, Robert Pattinson Dikabarkan Terkena Corona;11;2;Entertaintment
Spoiler One Piece 989;130;2;Entertaintment
Kumalasari Tegaskan Bukan Lagi Istri Galih Ginanjar;13;0;Entertaintment
Rombongan Wisatawan Asal Madiun Terseret Ombak Pantai Parangtritis;822;133;Jateng-DIY
Jaka Hidayat Eks BIP Pakai Narkoba karena Kangen;14;2;Entertaintment
Aksi Daniel Craig Mati-matian di Trailer Anyar No Time to Die;7;0;Entertaintment
Indadari Tak Cuma Diganggu Jin, Rutin Kena Sihir;22;2;Entertaintment
Kronologi Penangkapan Jaka Hidayat, Eks Drummer BIP Terkait Narkoba;9;0;Entertaintment
Tak Sepakat dengan Kapolri, Perludem: Proses Hukum Peserta Pilkada Tak Perlu Ditunda;8;0;Entertaintment
Corona Masih Tinggi, Boyolali Batalkan Rencana Sekolah Tatap Muka 54 SMP;17;2;Entertaintment
Diantar Punokawan, Paslon Kuswanto ? Kusnomo Daftar ke KPU Purworejo;31;2;Jateng-DIY
Gibran dan Istri Tiba di Kantor PDIP Jelang Daftar Pilkada Solo;12;2;Jateng-DIY
Bawaslu Sebut Ada 3.352 Salah Hitung Data Pemilih Pilbup Sleman;15;2;Jateng-DIY
Setelah Guncang Bantul, Gempa Kini Terjadi di Cilacap;27;2;Jateng-DIY
Abdul Gafur Dimakamkan dengan Protokol Covid di TPU Pondok Rangon;53;2;Nasional
Rela Tak Terima Gaji, Ini Janji Harno Jika Terpilih Jadi Bupati Rembang;18;0;Jateng-DIY
Sebelum Daftar Pilkada ke KPU Demak, Mugi-Hebad Ziarah Makam Raden Patah;13;2;Jateng-DIY
Pemuda Panca Marga Bantu 1.500 Paket Sembako dan 10.000 Maske;22;0;Jateng-DIY
Jadi Pendaftar Pertama Pilkada, Istri Bupati Blora Datangi KPU;22;0;Jateng-DIY
Gibran-Teguh Gowes Berangkat Daftar Pilkada Solo Diiringi Gending Jawa;13;2;Jateng-DIY
Bawa Miras, Mini Bus Ini Terbalik di Jalan Kudus-Grobogan;12;0;Jateng-DIY
Bobby Nasution Daftar Calwakot ke KPU Medan Naik Vespa;15;6;Nasional
Ini Isi Jawaban Kemendikbud Atas Aduan Mahasiswa Unnes ke Komnas HAM;19;2;Nasional
Sambut Gibran-Teguh Daftar Pilkada Massa di Solo Turun ke Jalan;26;2;Nasional
Selvi Cantik Berkebaya-Bermasker Brokat Dampingi Gibran Daftar Pilkada Solo;30;2;Jateng-DIY
Daftar Pilkada Solo Gibran-Teguh Kompak Pakai Lurik dan Blangkon Sidomukti;24;5;Jateng-DIY
Tambah 3.269, Kasus Corona RI 4 September Total Jadi 187.537;18;2;Nasional
Ganjar Pranowo Nongkrong Bareng Gibran dan Anya di Angkringan Solo;27;0;Jateng-DIY
Semua Jadi Mudah dengan Internet Banking Personal Bank Jateng Syariah;22;0;Ekonomi
Awan Berbentuk Huruf V Membentang Langit Wonosobo;42;22;Jateng-DIY
Bantuan Rp 600 Ribu Batch 2 Sudah Cair;44;1;Ekonomi
Tinggalkan Timnas Jerman, Havertz Urus Transfernya ke Chelsea;7;1;Sport
Beberapa Warga di Bali Kehilangan Fungsi Indra Penciuman Secara Tiba-tiba;43;2;Nasional
Bareskrim Tolak Laporan PPMM soal Ucapan Puan ?Semoga Sumbar Dukung Negara Pancasila;24;3;Nasional
Dua Pasang Calon Bupati Daftar ke KPU Bantul;53;2;Jateng-DIY
Manchester United Incar Dua Bek Kiri Ini;13;2;Sport
Setelah Ditolak Bareskrim PPMM Akan Laporkan Ucapan Puan ke MKD DPR;30;2;Nasional
Didukung 5 Partai Suami Artis Caca Frederica Daftar Calon Bupati di Pilkada Kendal;58;2;Jateng-DIY
Deklarasi KAMI di Yogya Dihadiri Din Syamsuddin ? Gatot Nurmantyo;36;2;Jateng-DIY
Daftar ke KPU, Anak Pedangdut A Rafiq Ramaikan Bursa Pilkada Pekalongan;21;2;Jateng-DIY
Pembunuhan OB di Yogya 2015 Silam Terungkap, Polisi: Diselidiki Sebulan;28;2;Jateng-DIY
7 Tahanan Polres Salatiga Tertular Corona, Kini Diisolasi;17;0;Jateng-DIY
Bank Jateng Syariah Bantu dalam Pendistribusian Dana Zakat yang Dikelola Baznas;42;0;Ekonomi
BMKG Tanggapi Penampakan Awan Berbentuk V di Wonosobo;2671;490;Jateng-DIY
Kantor LPSK Tutup 5 Hari Gegara Pegawai Positif Corona;17;2;Nasional
Kejari Jakpus Tangkap Mantan Dirut TransJ Donny Saragih Terkait Kasus Penipuan;14;2;Nasional
Sri Mulyani Angkat Bicara Soal Isu Pembentukan Dewan Moneter;8;2;Ekonomi
Mirip Bule, 2 Bocah Kembar Asal Wonogiri Ini Ternyata Albino;64;15;Jateng-DIY
Gegara Pandemi Corona, Aktivitas UKM di Yogya Mandek;14;2;Jateng-DIY
Cerita Mengejutkan dari Keluarga Gen Halilintar;32;2;Entertaintment
Kemenag Tegaskan Sertifikasi Penceramah Tak Wajib;11;2;Nasional
Tolak Sertifikasi Penceramah, Anwar Abbas Ancam Mundur dari Sekjen MUI;19;0;Nasional
Jaksa Tangkap Mantan Direktur TransJ Donny Saragih di Apartemen Mediterania;11;0;Nasional
Ditangkap Jaksa Kejari Jakpus, Ini Penampakan Donny Saragih;12;3;Nasional
BMKG: Yogya Hari Ini Berawan-Hujan Ringan;38;98;Jateng-DIY
Eks Dirut TransJ Donny Saragih Dieksekusi ke Lapas Salemba;13;2;Nasional
Sule Dapat Ancaman Pembunuhan Gegara Anya Geraldine;11;2;Entertaintment
Eks Dirut TransJ Donny Saragih Ditangkap Jaksa, Kasus di Polda Tetap Lanjut;11;2;Nasional
Eks Dirut TransJ Donny Saragih di Apartemen, Ini Kronologinya;11;0;Nasional
Untuk Pencari Kerja, Bank Indonesia Buka Lowongan;11;2;Ekonomi
Keluarga Gen Halilintar: Dulu Pungut Makanan, Kini Kenakan Barang Mewah;17;2;Entertaintment
Mengharukan, Cerita Rianti Cartwright Ketika Bayinya Masuk NICU;10;2;Entertaintment
Anak Presiden, Istri Bupati dan Anak Walkot Ramaikan Bursa Pilkada Jateng ? DIY;11;2;Jateng-DIY
Tom Cruise Sewa 2 Kapal Pesiar untuk Syuting di Tengah Pandemi;8;2;Entertaintment
1 Bacawabup Klaten Positif Corona, Tim Pemenangan Tetap Daftar ke KPU;18;6;Jateng-DIY
Kecaman HNW Atas Penerbitan Ulang Kartun Nabi Muhammad di Prancis;12;3;Nasional
Kecewa Ucapan Puan, Mulyadi-Ali Mukhni Kembalikan Dukungan PDIP di Pilgub Sumbar;25;2;Nasional
Dikira Gay, Onadio Leonardo Kerap Diajak Kenalan Pria Six Pack;23;2;Entertaintment
Sekolah Tatap Muka di Sragen Disetop Gegara Kasus Corona Meningkat;17;2;Jateng-DIY
Makna di Balik Lurik-Sidomukti yang Dipakai Gibran Rakabuming;13;0;Jateng-DIY
Batal Jadi Dirut hingga Dieksekusi ke Lapas Salemba, Ini Sepak Terjang Donny Saragih;5;0;Nasional
Ridwan Kamil: Menaikkan Tarif Tol di Situasi Ekonomi Sulit Tidak Bijak!;10;0;Ekonomi
Ini Alasan Tarif Tol Jakarta-Bandung Naik yang Diprotes Keras Ridwan Kamil;8;0;Ekonomi
Faisal Basri Sebut Bantuan Rp 600 Ribu Nggak Ngefek ke Ekonomi RI;9;0;Ekonomi
Purbaya Yudhi Sadewa, Orang Dekat Luhut Ditunjuk Jadi Ketua LPS;11;0;Ekonomi
Bupati Halmahera Timur Wafat Usai Daftar ke KPU, Golkar Segera Cari Ganti;16;0;Nasional
Diusung 4 Parpol Rektor UNY Resmi Daftar Pilkada Gunungkidul,;15;0;Jateng-DIY
Kampanye Golput Diyakini Rudy Tak Dilakukan PKS Solo;6;0;Jateng-DIY
Bulan Ini UGM Akan Kuliah Tatap Muka , ITB-UPI Masih Full Daring;75;0;Jateng-DIY
Ngaku Bupati Jepara Janji Akan Beri Bantuan Lewat Pesan Singkat;19;7;Jateng-DIY
Anggaran Pilkada Ditambah 5 Triliun, Mahfud Minta Protokol Covid Jadi Prioritas;6;0;Nasional
Ini 5 Hal Wajib Diperhatikan Mahasiswa Akan Kuliah Tatap Muka;19;0;Nasional
Mahfud Sebut Pilkada Langsung juga Ada Politik Uang, Tapi Eceran ke Rakyat;6;0;Nasional
Profil Purbaya Yudhi Sadewa, Orang Dekat Luhut yang Jadi Ketua LPS;39;0;Ekonomi
13 Orang Ditangkap, BNN Bongkar Penyalahgunaan Narkotik Jenis Suntik Subuxon;28;2;Nasional
Anya Geraldine Unggah Foto Berpelukan dengan Rizky Febian;36;2;Entertaintment
Gegara Berita Ayahnya Poligami Psikis Adik Atta Halilintar Terganggu;34;2;Entertaintment
Tambah 3.128 Total Positif 190.665, Ini Update Corona di Indonesia 5 September;16;0;Nasional
Sudah Dicoret, PB ISSI Masih Berjuang Agar Tampil di PON Papua;8;0;Sport
Cerita Luna Maya Tentang Kronologi Kecelakaan Menimpanya;15;0;Entertaintment
4 Hari Kasus Corona di Indonesia Tambah 3 Ribu;6;0;Nasional
YouTuber Filipina Meninggal, Mariah Carey Ikut Berduka;26;2;Entertaintment
Heboh Jaksa Pinangki Operasi Hidung di AS, Berapa Biayanya?;41;2;Entertaintment
Pemuda Harus Tebarkan Narasi Kebangsaan;11;0;Jateng-DIY
Reza Artamevia Ditangkap Kasus Narkoba!;27;2;Entertaintment
Reza Artamevia Ditangkap atas Kepemilikan Sabu;41;2;Entertaintment
Korban Terseret Ombak di Pantai Parangtritis Ditemukan di Pantai Goa Cemara;737;102;Jateng-DIY
Bagaimana Nasib Bantuan Rp 600 Ribu Via Rekening Bank Swasta?;55;2;Ekonomi
Donny Saragih Menjadi Buron Ke-62 yang Ditangkap Kejagung Sepanjang 2020;12;0;Nasional
Timnas Indonesia U-19 Vs Bulgaria: Garuda Muda Kalah 0-3;35;2;Sport
KTM Kepengin Rekrut Andrea Dovizioso, tapi?;10;0;Sport
Regina Idol Ungkap Alasan Sembunyikan Hubungan Asmara Selama 3 Tahun;23;0;Entertaintment
Edouard Mendy, Mabarnya Menjadi Incaran Chelsea Pada Musim Panas Ini;25;2;Sport
Hasil Tes Urine Keluar, Reza Artamevia Positif Sabu;28;2;Entertaintment
Reza Artamevia Beli Sabu Sebesar 0,78 gram;32;0;Entertaintment
Puluhan Ribu Warga Dunia Kagum, Saksikan Sendratari Ramayana;39;0;Jateng-DIY
Puspom TNI Tetapkan 5 Oknum AL Tersangka Perusakan Polsek Ciracas;42;0;Nasional
City Capai Kesepakatan Personal dengan Kalidou Koulibaly;9;0;Sport
TNI Bayar Ganti Rugi untuk Korban Terdampak Perusakan Polsek Ciracas;11;0;Nasional
Novak Djokovic Didiskualifikasi dari AS Terbuka 2020 Gegara Hantam Hakim Garis dengan Bola;11;0;Sport
F1 GP Italia, Pierre Gasly Juara di Monza;18;0;Sport
Sepi Peminat, Pendaftaran Peserta Pilkada Sragen Diperpanjang;17;2;Jateng-DIY
Uang Koin Segalon Digunakan Siti untuk Beli Scoopy di Dealer;23;2;Jateng-DIY
687 Bakal Paslon Pilkada 2020 sudah Terdaftar di KPU;22;2;Nasional
KPU Sebut Ada 37 Bakal Calon Kepala Daerah yang Terinfeksi Covid-19;12;0;Nasional
BP2MI Berhasil Gagalkan 200 Calon Pekerja Migran Ilegal ke Dubai;35;2;Nasional
Bawaslu Temukan 243 Pelanggaran Paslon Terkait Protokol Kesehatan Saat Daftar ke KPU;15;2;Nasional
Reza Artamevia yang Tak Bisa Lepas dari Narkoba;17;2;Entertaintment
2 Tahanan dan 42 Pegawai KPK Positif Corona, 19 Sembuh;8;0;Nasional
Ini Penyebab 7 Kali Kasus Corona Tambah 3 Ribuan Sehari Versi Satgas;10;0;Nasional
Satgas Corona Kritik Sanksi Masuk Peti Mati, Justru Potensi Tularkan Corona;17;2;Nasional
Hanya Ada Satu Paslon, KPU Wonosobo Perpanjang Pendaftaran Pilkada 3 Hari;25;2;Jateng-DIY
"Tribute to Chadwick Boseman; @Marvel Gratiskan Komik Black Panther";19;2;Entertaintment
Jokowi Ingatkan 3 Klaster Corona: Kantor, Keluarga dan Pilkada;13;0;Nasional
Menkes Diminta Presiden Benahi Ketimpangan Jumlah Testing Antardaerah;8;2;Nasional
Diperiksa Komja, Eks Jamintel Akui 2 Kali Telepon Djoko Tjandra;17;0;Nasional
Penyederhanaan Kurikulum 2013 Masih Dikaji Sebelum Diterapkan 2021/2022;67;2;Nasional
Terpapar Covid-19 Seorang Perawat di Jawa Timur Meninggal;27;2;Nasional
KPK Pastikan Tak Tunda Proses Hukum Calon Kepala Daerah;9;0;Nasional
KPU Boyolali Tunda Tahapan Pencalonan Pilkada Boyolali 2020;19;2;Jateng-DIY
Pandemi Covid-19, BUMDes Mernek Tetap Eksis;20;0;Jateng-DIY
Polisi Persilakan Jika Reza Artamevia Ajukan Permohonan Rehabilitasi;10;0;Entertaintment
Pertamina Edukasi Kembali Safety Awareness dan Protokol Covid-19 di SPBU;14;0;Jateng-DIY
Mertua Syahrini Lepas Seluruh Saham di Plaza Indonesia, Raup Rp 165 M;9;0;Ekonomi
Sektor Kesehatan Disebut Jokowi Kunci Pemulihan Ekonomi;9;0;Ekonomi
Akibat Corona Maskapai TransNusa Stop Operasi Sementara;21;2;Ekonomi
Ketat! Masuk Kantor Erick Thohir Kini Wajib Rapid Test;10;2;Ekonomi
Chantal Della Concetta Posting Perbedaan Lekuk Tubuh di Pagi dan Sore;17;2;Entertaintment
Foto Telanjang Dada Jefri Nichol Bikin Heboh;41;2;Entertaintment
Kekesalan Vanessa Angel soal Instagramnya yang Hilang;8;0;Entertaintment
One Piece 989: Luffy Siap Menghajar Kaido;37;0;Entertaintment
Pasha Gagal Jadi Calon Wakil Gubernur Sulteng, Istri Beri Kekuatan;7;0;Nasional
Tamara Bleszynski Diserang karena Dukung Jerinx Bebas;16;2;Entertaintment
Pegawai Kominfo Kena Covid-19 Bertambah Jadi 49 Orang;7;0;Nasional
Didukung Semua Parpol, Petahana Potensi Calon Tunggal di Pilkada Grobogan;12;0;Jateng-DIY
Polisi Pastikan Pengedar Sabu ke Reza Artamevia Tak Pasok ke Artis Lain;8;0;Entertaintment
Jumlah Perawat Positif Corona di Jatim 820 Orang, 25 Gugur;12;0;Nasional
PKS Sebut Terjadi Fenomena Demokrasi yang Terbajak di Pilkada Solo;11;0;Jateng-DIY
KPU Klaten Tunda Pemeriksaan Dokumen Usai Bacawabup M Fajri Positif Corona;27;2;Jateng-DIY
Gegara Hamil Ditinggal Pacar Wanita Ini Nyaris Bunuh Diri;23;2;Jateng-DIY
Fenomena Calon Tunggal di Pilkada Jadi Kontradiksi Sistem Demokrasi Elektoral;21;2;Jateng-DIY
Positif Corona Seorang PKL di Malioboro Meninggal;17;2;Jateng-DIY
PKL Malioboro Meninggal Kena Corona, Semua Pedagang Akan Jalani Rapid Test;31;2;Jateng-DIY
Ada 30.116 Orang Kunjungi Malioboro Sebelum PKL Meninggal karena Corona;13;0;Jateng-DIY
3 Sindikat Internasional Penipuan Terkait Ventilator Covid Ditangkap;37;2;Nasional
Kasus Corona di RI Per 7 September Tambah 2.880, Jadi 196.989;15;0;Nasional
Penularan Virus Corona Klaster Pengawas Pemilu Bertambah, Jadi 96 Orang;9;0;Jateng-DIY
IDI Sodorkan 2 Opsi Solusi Atasi Tambahnya Kasus Positif Corona;12;0;Nasional
Persiapan Tes Kesehatan: Gibran Banyak Istirahat, Bagyo Ngunjuk Jamu;11;0;Jateng-DIY
Nasib Politik Pasha Ungu, Pilgub Sulteng Tak Tercipta Untukmu;41;2;Jateng-DIY
Kasus Positif Corona di Boyolali Melonjak, RS Darurat Banjir Pasien;26;2;Jateng-DIY
Ini Lowongan Kerja buat Lulusan D3 dan S1 di Asabri;12;0;Ekonomi
Eiichiro Oda Tak Mau Ungkap Misteri soal Ibu Monkey D Luffy;232;0;Entertaintment
Penampakan Pertama Black Panther dan Shuri di Komik Terjual Rp 12 Juta;10;0;Entertaintment
Artis Senior Piet Pagau Positif Covid-19;25;2;Entertaintment
Pemkot Tracing 15 Orang Usai Kematian PKL Malioboro karena Corona Lina Setya;10;0;Jateng-DIY
Kebakaran di Kompleks STIQ Isy Karima Karanganyar, Ruang Arsip Hangus;33;2;Jateng-DIY
Kemerdekaan Indonesia Menyatukan Semua Golongan;31;0;Jateng-DIY
Pemda Harus Kerja Keras Putus Mata Rantai Penularan Covid-19;14;0;Jateng-DIY
Manchester United Ditawari Bek Kiri oleh Real Madrid;8;0;Sport
Mewujudkan Pilkada yang Berintegritas, Bermartabat, dan Bebas dari Korupsi;16;0;Nasional
Kabar Duka, Mantan Mendiknas Kabinet Gotong Royong Abdul Malik Fadjar Wafat;18;2;Nasional
Abdul Malik Fadjar Wafat, Mahfud Md-Muhadjir Effendy Berduka;10;0;Nasional
Kepala BPH Migas Apresiasi Pertashop Dengan Omset Tertinggi Di Sleman;9;0;Jateng-DIY
Komut Pertamina Minta Pertashop Hadir di Seluruh Desa;9;0;Jateng-DIY
Pertamina MOR IV Apresiasi Pelanggan Setia di Hari Pelanggan Nasional;22;7;Jateng-DIY
Ini Bahayanya Membeli BBM Pakai Jeriken Plastik;18;2;Jateng-DIY
Ekosistem Bulutangkis Ideal Dapat Angkat Prestasi Indonesia;119;2;Sport
Hari Ini Gibran-Teguh dan 10 Paslon Pilkada Jalani Tes Kesehatan di Solo;23;2;Jateng-DIY
KUA Danurejan Yogya Ditutup Sementara Gegara 5 Staf Positif Corona;6;0;Jateng-DIY
Menteri KKP Edhy Prabowo Dikabarkan Positif Covid-19;603;0;Nasional
7 Bapaslon Pilkada Jateng Jalani Tes Kesehatan di RSST Klaten Selama 3 Hari;12;0;Jateng-DIY
Kasus Corona Klaster Soto Lamongan Depan XT Square Yogya Tambah, Jadi 16;11;0;Jateng-DIY
PN Jakut Tutup Layanan 7 Hari karena 8 Pegawai Positif Corona;13;0;Nasional
Poliklinik di RSUD Sragen Ditutup Gegara 77 Pegawai Positif Corona;57;12;Nasional
Tak Penuhi Kriteria, 1,6 Juta Nomor Rekening Tak Dapat Bantuan Rp 600 Ribu;21;0;Ekonomi
Wabup Blora Minta Maaf Usai Ditegur Mendagri Gegara Bawa Massa Saat ke KPU;26;3;Jateng-DIY
Jagokan 12 Kader di Pilkada Jateng, Golkar Target Menang 80 Persen;9;0;Jateng-DIY
2 Bapaslon Pilkada Bantul Jalani Pemeriksaan Kesehatan, Hasilnya Negatif Corona;6;0;Jateng-DIY
Bocah 4,5 Tahun Dilaporkan Hilang Diduga Hanyut di Bengawan Solo;11;1;Jateng-DIY
Tim SAR Temukan Bocah 4,5 Tahun yang Hilang di Bengawan Solo Kondisinya Tewas;192;77;Jateng-DIY
Tilang Elektronik Diterapkan 315 Kendaraan Terekam Lakukan Pelanggaran;9;0;Jateng-DIY
Emil Dardak Rilis Lagu ?Dialah? untuk Arumi, Kado Ultah Pernikahan Terindah;30;0;Entertaintment
Menhan Negosiasi Ulang Biaya Iuran Proyek Jet Tempur Korsel;6;0;Nasional
Aldi Taher Gagal Maju Pilgub Sumbar dan Sulteng: Saya Presiden Cinta;20;0;Entertaintment
Soroti Deklarasi Bapaslon Pilkada Gelar Konser, Jokowi: Tak Bisa Dibiarkan!;7;0;Nasional
Jaga Netralitas ASN di Pilkada Pemerintah Terbitkan SKB;18;0;Nasional
Presiden Jokowi Minta TNI-Polri Netral di Pilkada 2020;6;0;Nasional
Jokowi Minta Jangan Ada Penggunaan Politik SARA di Pilkada;9;0;Nasional
Masyarakat Diminta Cek Rekam Jejak Calon Kepala Daerah;12;0;Nasional
Mencari Ikan di Perairan Karimunjawa, Nelayan di Jepara Dilaporkan Hilang;28;3;Jateng-DIY
Dampak PKL Meninggal Kena Corona, Zona 3 Malioboro Dikosongkan;57;2;Jateng-DIY
Mendagri Ungkap Tak Ada Klaster Corona dari 2 Tahapan Pilkada Rawan;7;0;Nasional
Gelar Perkara Pinangki Baru Digelar Hari Ini, Kejagung Ungkap Alasannya;10;0;Nasional
Aturan Baru KPU Bakal Batasi Jumlah Peserta Kampanye di Pilkada 2020;8;0;Nasional
Muhadjir hingga Tjahjo Kumolo Hadiri Pemakaman Abdul Malik Fadjar di TMP Kalibata;18;0;Nasional
Menag Dicecar Komisi VIII DPR soal Agen Radikalisme Good Looking;24;0;Nasional
Piet Pagau Duga Terinfeksi Covid-19 Saat Naik Taksi Online;10;0;Nasional
Tak Jual Diri, Bebizie Banting Tulang Demi 3 Anak Lewat Tampilan Seksi;42;2;Entertaintment
Mariah Carey Buka-bukaan Selingkuhi Tommy Mottola dengan Atlet Bisbol;20;2;Entertaintment
Meghan Markle Berpeluang Jadi Presiden AS;13;2;Entertaintment
Bertemu Menhub Atta Halilintar Pakai Celana Jeans Dianggap Tak Sopan;11;0;Entertaintment
Widi Mulia Temani Dwi Sasono Jalani Sidang Narkoba;10;0;Entertaintment
Ayu Dewi Susah Payah Biayai Sendiri Sekolahnya Sejak SMA;4;0;Entertaintment
Program Pemindahan Ibu Kota Ditunda, Suharso Monoarfa Jelaskan Alasannya;8;0;Ekonomi
Usai Kabar Menterinya Positif Covid Pegawai KKP Wajib Swab Sebelum ke DPR;15;0;Nasional
Jelang Pilkada 2020, 499 PNS Dilaporkan Tak Netral;10;0;Nasional
Harga Vaksin Corona di RI Diperkirakan Rp 72.500 per Dosis;14;0;Ekonomi
Tambah 3.046, Kasus Corona di Indonesia Hari Ini Tembus 200 Ribu;10;0;Nasional
Belasan Orang di Pasar Hewan Boyolali Positif Corona Usai Swab Massal;30;2;Jateng-DIY
Dihantam Ombak Besar, Perahu Nelayan Purworejo Terbalik 1 Orang Hilang;242;48;Jateng-DIY
Ketua PCNU Brebes KH Nasrudin Wafat;57;0;Jateng-DIY
CSR Bank Jateng Senilai Rp 540 Juta Diserahkan ke Bupati Karanganyar;35;2;Jateng-DIY
Terapkan Protokol Kesehatan Ketat, Sleman Temple Run Kembali Digelar 27 September;29;3;Jateng-DIY
Mat Solar Terlibat Sengketa Tanah Rp 3 Miliar;23;0;Entertaintment
Gandeng YouTubers, Korlantas Polri Sosialisasi Penanganan Covid-19;16;0;Jateng-DIY
Denda hingga Rp 2,5 Juta untuk Pelanggar Protokol Kesehatan di Sragen;51;15;Jateng-DIY
Antisipasi Erupsi Merapi Relawan Diminta Mencari Alternatif Jalur Evakuasi;23;2;Jateng-DIY
Pj Sekda Sukoharjo Terinfeksi Covid-19, 25 Pejabat Jalani Karantina Mandiri;35;3;Jateng-DIY
Kantor KKP Sepi Usai Tersebar Kabar Edhy Prabowo Positif Corona;20;0;Nasional
Diserang Stroke, Epy Kusnandar Mati Sebelah;47;2;Entertaintment
Alfred Riedl Meninggal Dunia karena Kanker;34;0;Sport
Pemuda di Sleman Hajar Bocah 11 Tahun karena Alat Vital Adiknya Ditarik;390;192;Jateng-DIY
Dukung Polisi Hongkong, Film Mulan Terancam Boikot;28;0;Entertaintment
Inul Daratista Ibaratkan Kayak Pengemis karena Susah Hubungi Nella Kharisma;12;0;Entertaintment
Kecelakaan Beruntun di Tol Boyolali 2 Orang Tewas;942;421;Jateng-DIY
"Brad Pitt Bawa Pacar ke Miraval; Angelina Jolie: Norak!";18;0;Entertaintment
Cegah Munculnya Klaster Baru, Kapolri Terbitkan Telegram Larang Kerumunan di Pilkada;91;2;Nasional
Bukan Hadi Pranoto, Pengacara Sebut Seharusnya Anji yang Kena UU ITE;10;2;Nasional
Langgar Protokol Covid di Pilkada. 69 Kepala Daerah Kena Teguran Kemendagri;30;2;Nasional
2 Orang Tewas dalam Kecelakaan Beruntun di Tol Boyolali, Ini Identitas korban;24;2;Jateng-DIY
Jalani Pemeriksaan di Kejakgung, Pinangki Datang Berkerudung Abu-abu;9;0;Nasional
Viral Peserta MTQ Sumut Mundur Gegara Tolak Lepas Cadar, Panitia: Hanya Salah Paham;26;2;Nasional
Ivan Anak Inul Daratista Sawer Karyawan Karaoke;16;2;Entertaintment
Petisi Online agar Manga Ada Peringatan Kekerasan Seksual Viral di Jagat Maya;57;2;Entertaintment
18 Perusahaan di DKI Ditutup karena Langgar Protokol Covid-19;11;2;Nasional
RSDM Solo Serahkan Hasil Tes Kesehatan Gibran dkk ke KPU 12 September;10;2;Jateng-DIY
Bak Spiderman Bocah Perempuan di Pekalongan Ini Lihai Panjat Dinding;361;537;Jateng-DIY
Kantor Perizinan Boyolali Ditutup Gegara 1 Pegawai Kena Covid-19;8;2;Jateng-DIY
Pilkada Wonosobo Dipastikan Lawan Kotak Kosong Setelah Gerindra Putuskan Netral;68;2;Jateng-DIY
Kapolri Minta Jajarannya Gendeng YouTuber ? Tokoh Sosialisasikan Hidup Sehat;7;2;Nasional
Hasil Pertanian Kian Anjlok, Warga Lereng Merapi Pilih Dijadikan Pakan Ternak;19;2;Jateng-DIY
Kecelakaan Maut di Tol Boyolali Diduga Akibat Kecepatan Tinggi;345;487;Jateng-DIY
Prada Ilham Penyebar Kebohongan Berbuntut Perusakan Polsek Ciracas Jadi Tersangka;15;2;Nasional
Jadi Tersangka Penyerangan Polsek Ciracas 50 Prajurit TNI AD Ditahan;18;2;Nasional
Kisah Cristiano Ronaldo Jatuh Cinta dengan Georgina saat Jadi Pramuniaga;19;2;Entertaintment
DC Rilis 17 Superhero Wonder Woman di Dunia Nyata termasuk Beyonce;8;2;Entertaintment
Suguhan 4 Seniman Yogyakarta soal Garis di ARTJOG Resilience;25;2;Entertaintment
Penjelasan Budayawan soal ?Kakek Arteria Dahlan Pendiri PKI Sumbar?;43;2;Nasional
Jokowi Minta Vaksin Corona ?Merah Putih? Manjur dan Tanpa Efek Samping;10;0;Nasional
Jawa-Bali Kontribusi 64% Kasus Corona di Indonesia;9;0;Nasional
Abaikan Pesan Inul Daratista, Nella Kharisma Jadi Sasaran Bully;20;0;Entertaintment
Dianggap Dukung Kebrutalan Polisi Hong Kong Si Cantik Pemeran Mulan Dihujat Nitizen;34;2;Entertaintment
Gempa Terjadi di Perairan Bantul;81;13;Jateng-DIY
Satgas Covid Lacak Kontak Bakal Cawabup M Fajri yang Kena Corona;14;0;Jateng-DIY
Pendiri Kompas Gramedia Jakob Oetama Tutup Usia;14;0;Nasional
Pengembangan Vaksin Merah Putih Capai 50%;9;0;Nasional
Diduga Menganiaya, Anak Chintami Atmanagara Dilaporkan ke Polisi;16;2;Entertaintment
Mahfud Pimpin Rapat Bahas Sanksi Protokol Covid di Pilkada;22;2;Nasional
April 2021, Vaksin Corona Merah Putih Siap Produksi Massal;8;0;Nasional
Masuk Kamar Mayat-Keranda Hukuman bagi Pelanggar Protokol Covid-19 di Kudus;27;2;Jateng-DIY
Pengamat Politik dan Militer MT Arifin Meninggal Dunia;164;2;Nasional
Nora Alexandra Murka Wajahnya Disebut Mirip PSK;26;2;Entertaintment
Ratusan Orang Tertipu Beli Emas Antam Murah di Facebook;18;2;Nasional
Polisi Gelar Perkara Permohonan Rehabilitasi Reza Artamevia;11;2;Nasional
Arteria Dahlan Bantah Disebut Cucu Pendiri PKI: Tidak Benar!;29;2;Nasional
Menyebut Arteria Cucu PKI, Budayawan Sumbar Hasril Chaniago Terancam Dipolisikan;69;2;Nasional
Diduga Terkait Kematian Rajput, Aktris Bollywood Rhea Chakraborty Ditangkap;20;2;Entertaintment
Positif Corona, Kondisi Menteri KKP Edhy Prabowo Dikabarkan Membaik;19;2;Nasional
Kasus Corona di RI Per 9 September Bertambah 3.307, Jadi 203.342;18;2;Nasional
Ucapan Duka Wafatnya Jakob Oetama Mengalir di Linimasa;13;2;Nasional
HUT ke-19, AHY Ajak Demokrat Jadi Solusi Bangsa Hadapi Pandemi;9;0;Nasional
Dokter Nyatakan Jakob Oetama Negatif Corona;19;0;Nasional
Profil Singkat Tokoh Pers Indonesia Jakob Oetama yang Tutup Usia;17;0;Nasional
Polri Kenang Jacob Oetama: Indonesia Kehilangan Tokoh Pers Terbaik;43;2;Nasional
Pemohon Bantuan Modal UMKM di Brebes Tembus 20 Ribu;16759;0;Jateng-DIY
Jejak Konglomerat Media Jakob Oetama;18;2;Nasional
Nakes Non PNS Kota Tegal Curhat ke DPRD Keluhkan Upah Rp 42.500 per Hari;7;0;Jateng-DIY
PAUD Berperan Strategis dalam Membangun SDM sejak Dini;159;0;Jateng-DIY
Pemkab Bantul Beri Hadiah Sepeda Motor bagi Wajib Pajak;64;0;Jateng-DIY
KPU, Bawaslu, dan Parpol Diminta Tak Langgar Kaidah Pemberantasan Korupsi;13;0;Nasional
Yopie Latul Pelantun Lagi Poco-poco Meninggal Dunia;14;0;Nasional
11.500 Pelajar SD-SMA Bantul Menerima Dana PIP;121;0;Jateng-DIY
Pasar Lasem di Rembang Ditutup Sementara Selama Tiga Hari;38;2;Jateng-DIY
Anies Tarik Rem Darurat, Jakarta PSBB Lagi;41;2;Nasional
Ruang Isolasi Penuh, Anies Berlakukan Lagi PSBB Ketat;13;0;Nasional
PSBB Ketat DKI Bakal Diberlakukan, Satgas Nasional Yakin Mampu Kendalikan Corona;5;0;Nasional
Satu Lagi Dokter di Jatim Terinfeksi Corona Meninggal Dunia;7;0;Nasional
Anies Segera Terapkan PSBB Ketat, Ini 11 Bidang Perkantoran yang Boleh Beroperasi;31;0;Nasional
Heboh, Kepala Banteng Disebut Lambang Sila ke ? 4 Pancasila;302;2;Nasional
Korpri Larang Keras Seragam PNS Dibikin Model Gamis;16;2;Nasional
DKI Segera PSBB Total, Kemenkes: Tak Perlu Izin Lagi;9;2;Nasional
Mengenang Perjalanan Bisnis dan Karir Mendiang Jakob Oetama;10;2;Nasional
Perusahaan Baru IFG Life Siap Selamatkan Jiwasraya;28;2;Nasional
Melihat Rencana Kawasan Megapolitan Diperluas Jadi Jabodetabek ? Punjur;9;0;Nasional
Staf Terkena Corona, Perpustakaan Nasional Indonesia Ditutup Sementara;26;2;Ekonomi
Foto Sedih Masa Kecil Jack Ma Viral di FB, Tapi Ini Faktanya;12;0;Ekonomi
Susu Kambing di Kudus Laris Manis Diserbu Pembeli, Dipercaya Tingkatkan Imun;31;2;Jateng-DIY
Tak Mau Digelar Online, Jerinx Walk Out dari Sidang Perdana;14;0;Nasional
Kasus Corona di Salatiga dari 11 Klater Keluarga, 35 Orang Positif;32;2;Jateng-DIY
Ada 1.645 Orang Terkena Corona di DIY;6;0;Jateng-DIY
Bocah 9 Tahun Diduga Jadi Korban Pelecehan, Pelaku Belum Ditahan;13;3;Jateng-DIY
Peserta Dibatasi, Pemkab Magelang Izinkan Tradisi Saparan Digelar;9;0;Jateng-DIY
Bank Jateng Dukung Program Tanam 5.000 Pohon Kopi di Hutan Girimulyo Wonogiri;22;2;Ekonomi
Kasus Corona Makin Tinggi, Pemkab Boyolali Kembali WFH Mulai Senin Pekan Depan;19;0;Jateng-DIY
Kadis Perizinan Sukoharjo Positif Covid-19, Hasil Tracing Pj Sekda;21;0;Jateng-DIY
Begini Sebaran Kasus Corona di Jakarta, Bikin PSBB Total Diberlakukan Lagi;32;0;Nasional
Bermasker Cabup PDIP di Sidoarjo Deklarasi Sendirian Gegera Cawabup Positif Corona;20;2;Nasional
Covid-19 Belum Reda, Konser Ari Lasso di Jatim Batal Digelar;15;0;Nasional
Komisioner Evi Novida Ginting Positif Covid-19, Hari Ini Kantor KPU Dikosongkan;7;0;Nasional
Kantor Kelurahan Kotabaru Yogya Ditutup, Lurah-Linmas Kena Corona;22;2;Jateng-DIY
Bacawabup Klaten Fajri Positif Corona, 6 Keluarganya Tertular;9;0;Jateng-DIY
Ruang Humas DPRD Salatiga Ditutup karena 1 Staf Setwan Positif Corona;20;0;Jateng-DIY
Gibran-Teguh dan Bajo Yakin Lolos Tes Kesehatan Pilwalkot Solo;7;0;Jateng-DIY
Warga Jepara Nemu Orang di Dalam Sumur Saat Cek Pompa Air Macet;42;3;Jateng-DIY
Korban Tewas Kecelakaan Maut Tol Boyolali Jadi 3 Orang;1252;401;Jateng-DIY
Kasus Corona Klaster Soto Lamongan di Yogya Terus Bertambah, Ini Kronologinya;17;2;Jateng-DIY
Diingatkan Soal Sanksi Masuk Keranda-Kamar Mayat, Hartopo: Baru Wacana;9;0;Jateng-DIY
Terseret Layangan Raksasa Warga Bantul Ini Melayang di Udara;438;18;Jateng-DIY
Amien Rais cs Kembali Gugat UU Corona ke MK;8;0;Nasional
Pengusaha Mal di Jakarta Minta Diizinkan Buka Selama PSB;14;2;Nasional
Sebelum Dianiaya, Deanni Ivanda Sempat Cekcok dengan Chintami Atmanagara;15;2;Entertaintment
Titi DJ Gandeng 2 Musisi Muda Sara Fajira dan Eka Gustiwana;16;2;Entertaintment
Anaknya Disebut Aniaya Wanita Chintami Atmanagara Buka Suara;15;0;Entertaintment
Stres dan Banyak Utang Pinkan Mambo Pernah Nyaris Bunuh Diri;16;2;Entertaintment
Chintami Dituding Sengaja Biarkan Anaknya Aniaya Deanni Ivanda;66;2;Entertaintment
Sama Seperti Yopie Latul, 5 Artis Ini Juga Meninggal karena Covid-19;51;2;Entertaintment
Selamat Jalan Yopie Latul, Cuma Ngana yang Kita Cinta;20;2;Entertaintment
Sembuh, Bacawabup Klaten M Fajri Jalani Swab Hasilnya Negatif Corona;6;0;Entertaintment
Debat Pilkada Digelar Online atau Offline Bajo dan Gibran ? Teguh Nyatakan Siap;27;2;Jateng-DIY
Polda Metro Jaya Kabulkan Permohonan Rehabilitasi Reza Artamevia;9;0;Entertaintment
Jumlah Corona di Yogya Meningkat Sultan Minta Pemkot Gerak Cepat;8;0;Jateng-DIY
Poliklinik RSUD Sragen Dibuka Setelah Tutup Gegara 77 Pegawai Kena Corona;28;2;Jateng-DIY
Kasus Positif Corona di RI Hari Ini Tambah 3.861 Jadi 207.203;10;0;Nasional
Kasus Corona Hari Ini Tambah 3.861, DKI Sumbang 1.274;14;2;Nasional
Jakarta PSBB Ketat, Sultan Antisipasi Lonjakan Pemudik Masuk DIY;17;3;Jateng-DIY
Kakek Bejat Tega Cabuli Cucunya Sendiri Ini Dibekuk Polisi;28;2;Jateng-DIY
Pekerja Independen Butuh Keterampilan dan Peluang Baru;14;0;Ekonomi
DPRD Minta Pos Perbatasan DIY Dihidupkan Kembali;20;2;Jateng-DIY
Selama PSBB Mal hingga Tempat Hiburan di DKI Tutup;24;0;Ekonomi
Dulu Dicibir Tetangga, Sekarang Lulusan S2 Ini Sukses Jadi Petani Jamur;142;34;Jateng-DIY
Legenda Bulutangkis Indonesia Pinang Moeldoko Jadi Ketum PBSI;41;0;Sport
Melihat Lebih Dekat Lokasi Kecelakaan Maut Tol Boyolali;264;80;Jateng-DIY
MotoGP San Marino: Balapan Kandang Dua Kali, Rossi Bisa Podium?;13;0;Sport
Kesaksian Pedagang yang Gerobaknya Diseruduk Tank TNI di KBB;94;2;Nasional
Rumor Transfer: Suarez Lebih Memilih Atletico ketimbang Juventus;14;0;Sport
Anggota Komisi I DPR Minta TNI Terbuka Jelaskan soal Tank Tabrak Gerobak dan 4 Motor;25;0;Nasional
Anies Wajibkan WFH, Airlangga Minta yang Ngantor 50%;9;0;Nasional
4 Menteri Jokowi Ini Kritik Anies soal PSBB Jakarta;26;2;Nasional
PSBB Jakarta Berlaku Pekan Depan, Nasib Mal Tunggu Payung Hukum;13;0;Nasional
Jakarta PSBB Lagi, Bioskop Batal Dibuka;22;2;Nasional
Komite Seleksi Film Indonesia untuk Oscar Mulai Bekerja;18;0;Entertaintment
Sana Marin Perdana Menteri Termuda di Dunia;12;0;Ekonomi
Ada 50 Kasus Baru Positif Corona di DIY;8;0;Jateng-DIY
Pekan Depan Pegawai Pemkab Boyolali WHF 50%;62;69;Jateng-DIY
Berebut ?Banyu Enceh? di Kompleks Makam Raja-raja Mataram;16;0;Jateng-DIY
Rencana Pengajian Pilkada Bareng Habib Syech Digelar Pemkab Sragen Menuai Kritik;16;0;Jateng-DIY
Pemkot Yogya Wajibkan Pendatang Bawa Surat Bebas Covid-19;228;221;Jateng-DIY
Dimungkinkan Virtual, KPU Solo Rencanakan 2 Kali Debat Pilkada;6;0;Jateng-DIY
Ganjar Cek Simulasi Sekolah Tatap Muka, Siswa Dilarang Naik Angkutan Umum;17;0;Jateng-DIY
Ketua DPRD Brebes Positif Covid-19, Dinkes Tracing Kontak Erat;7;0;Jateng-DIY
Ganjar Pranowo Belum Ambil Langkah PSBB Meski Corona Jateng Meningkat;14;2;Jateng-DIY
Seorang Nenek di Klaten Dianiaya Begal, Nyaris Diperkosa;4438;1054;Jateng-DIY
Polri Fokus Disiplinkan Warga agar Patuhi Protokol Covid Saat PSBB Total;13;0;Nasional
Mendagri Tolak Usulan Mutasi 4.156 ASN demi Jaga Netralitas Pilkada 2020;18;0;Nasional
Jokowi: Cara Kerja Berubah Akibat Pandemi, Dulu Dianggap Tak Wajar;12;0;Nasional
Akibat Corona, 215 Negara Hadapi Masalah Kesehatan dan Ekonomi Sangat Rumit;17;0;Ekonomi
Liza Aditya Gandeng Berondong Baru Setelah Putus dari Atta Halilintar;34;2;Entertaintment
Diisukan Bangkrut, Ini Bantahan Hotman Paris;9;0;Entertaintment
Atta Halilintar Ketar-ketir, Gelar YouTuber Nomor 1 Asia Terancam Tergeser;41;0;Entertaintment
Nella Kharisma dan Dory Harsa Ungkap Kebahagiaan Usai Menikah;53;2;Entertaintment
Tokoh Teater Inggris Andrew Lloyd Webber Ikut Uji Coba Vaksin Covid-19;15;2;Entertaintment
Spoiler Manga One Piece 990;70;2;Entertaintment
Bank Jateng Siapkan Kader Pemimpin Masa Depan;47;2;Ekonomi
Anya Geraldine Berendam di Bathtub, Netizen Kepo Siapa yang Fotoin;42;2;Entertaintment
BNN Ungkap Modus Baru Simpan Sabu dalam Masker di Magelang;22;2;Entertaintment
Jakarta PSBB, Pemkab Gunungkidul Minta Semua Desa Data Pemudik;15;2;Jateng-DIY
Satu Bus Ringsek dalam Tabrakan Beruntun di Tol Cipali;24;2;Nasional
Mulai Hari Ini Langgar Protokol Kesehatan di Blora Didenda Rp 100 Ribu;79;3;Jateng-DIY
Berkas Kasus Red Notice Djoko Tjandra Dinilai Tak Lengkap Kejagung Kembalikan ke Bareskrim;10;0;Nasional
Kepepet Butuh Uang, Kurir Beristri 2 di Sleman Nekat Bikin Orderan Fiktif;159;15;Jateng-DIY
Bupati Brebes dan Keluarganya Di-Swab Usai Ketua DPRD Positif Corona;16;2;Jateng-DIY
Kasus Covid-19 di RI Tambah 3.737, Jadi 210.940;6;0;Nasional
Inian Inisial Nama-nama Muncul di Kasus Djoko yang Harus Ditelurusi KPK;24;2;Nasional
MAKI Beri Bahan Tambahan untuk Kasus Djoko Tjandra;13;2;Nasional
SBO TV Dijatuhi Sanksi Terkait Tayangan Logo PDIP Jadi Lambang Sila ke-4;22;2;Nasional
Yakin Saling Terkait, KPK Ingin Kasus Djoko Tjandra Dijadikan Satu;8;0;Nasional
7 Kantor Cabang BNI di Yogyakarta Ditutup Gegara Pegawai Suspek Corona;29;2;Jateng-DIY
Ini Sebaran 3.737 Kasus Baru Corona di RI Per 11 September, DKI Terbanyak;17;2;Nasional
Setelah Ruang Rindu, Mawar de Jongh Kini Bawa Ulang Tanya Hati;30;2;Entertaintment
Sudah 111 Dokter di Indonesia Meninggal Selama Pandemi Corona;11;0;Nasional
Penjelasan Kemenkes Soal Kabar RS di DKI Terancam Kolaps;25;2;Nasional
Daftar Wisata di Jakarta yang Tutup karena PSBB Diberlakukan Lagi;22;2;Nasional
Ragunan Siap Ikuti Arahan Anies, Tutup Selama PSBB;21;2;Nasional
6 Saksi Kecelakaan Maut di Tol Boyolali Diperiksa Polisi;108;90;Jateng-DIY
Jamasan Ribuan Pusaka di Museum Tosan Aji Purworejo;35;3;Jateng-DIY
Sidang Putusan Raja dan Ratu Keraton Agung Digelar Sore Ini Virtual;33;0;Jateng-DIY
Ini Aturan Lengkap Aktivitas di Bandara Selama Masa PSBB;14;0;Ekonomi
Kantor Pelayanan BNN Cilacap Tetap Buka Meski Ada Pegawai Kena Corona;18;0;Nasional
Anies Kukuhkan Anggota Dewan Kesenian Jakarta Periode 2020-2023;17;0;Nasional
Pembatasan Sosial Berskala Mikro Dinilai Jokowi Lebih Efektif;25;0;Nasional
Terdampak Corona, 45 Ribu UMKM Klaten Ajukan Bantuan Modal Rp 2,4 Juta;305;97;Jateng-DIY
KH Taefur Arofat Ketua Umum MUI Banyumas;76;2;Jateng-DIY
Sidang Vonis Raja-Ratu Keraton Agung Sejagat Diundur Senin Pekan Depan;535;154;Jateng-DIY
Hasil Latihan Bebas I MotoGP San Marino: Vinales Jadi yang Tercepat;21;2;Sport
#Alive: Gamer Yang Harus Survive Dari Zombie;17;2;Entertaintment
Liverpool Kejar Thiago? Ini Kata Klopp;13;0;Sport
Ini Hoho, Kades yang Viral karena Tubuhnya Penuh Tato;121;65;Jateng-DIY
Tim Indonesia Mundur dari Piala Thomas dan Uber 2020;26;2;Sport
Griezmann Jadi Pemilik Baru Nomor Tujuh Barcelona;38;2;Sport
Silang Pendapat Sistem Kerja Anies-Airlangga Saat PSBB Diberlakukan Lagi;26;2;Nasional
Pengusaha Sentil Kebijakan PSBB Jakarta: Harusnya Tidak Dipukul Rata;15;2;Nasional
Soal Perbedaan PSBB dan PSBM, Ini Penjelasan Satgas Covid-19;1125;2;Nasional
Seruan Cegah Bunuh Diri dalam Lagu Marshmello dan Demi Lovato;20;2;Entertaintment
Ria Ricis Paksa Teman Makan Durian Habis Dijilati;38;2;Entertaintment
Polisi Rilis Hasil Autopsi Jenazah Artis Hollywood Naya Rivera;19;2;Entertaintment
Terjaring Razia Masker, Puluhan Orang Bersihkan Kali di Solo;25;2;Jateng-DIY
Mayat Pria Tangan-Kaki Terikat Ditemukan di Bawah Jembatan Tol Pemalang-Batang;75;5;Jateng-DIY
3 Orang Positif Hasil Tracing PKL Malioboro Meninggal karena Corona;19;0;Jateng-DIY
Selain Hoho Masih Banyak Kades di Banjarnegara Bertato;47;0;Jateng-DIY
Pemda DIY Bicara Kapasitas Tempat Tidur RS Hadapi Melonjaknya Kasus Corona;9;0;Jateng-DIY
Forum Kepala Desa Banjarnegara Angkat Bicara Soal Heboh Kades Bertato;74;7;Jateng-DIY
1 Dokter RSUD Kota Salatiga Positif Corona, 14 Orang Test Swab;66;2;Jateng-DIY
Mayat Kaki-TanganTerikat di Bawah Tol Batang Diduga Korban Pembunuhan;21;2;Jateng-DIY
Jalani Vonis 2 Tahun Bui Idrus Marham Akhirnya Bebas;8;0;Nasional
Ini Tanggapan KPK Soal Bebasnya Idrus Marham Usai Jalani 2 Tahun Penjara;10;0;Nasional
Jurnalisnya Diteror Melalui Doxing, Liputan6.com Tempuh Jalur Hukum;10;0;Nasional
Seniman Boneka Gatot Soenjoto Tutup Usia;18;0;Entertaintment
Tiara Andini Trending, Ini Sederet Info Tentangnya;27;2;Entertaintment
Cerita Shandy Aulia Jalani 2 Agama, Kristen dan Islam;22;0;Entertaintment
Cerita Alice Norin, Baru Jadi Mualaf Langsung Main Film Religi;26;0;Entertaintment
Zara Adhisty Unggah Video Senang-senang, Katanya Kangen;75;0;Entertaintment
Katie Holmes Dimabuk Asmara, Pacari Pria yang Telah Bertunangan;22;0;Entertaintment
Toko Roti Trubus Yogya Kebakaran, 1 Karyawan Tewas;48;5;Jateng-DIY
3 Arca Ditemukan Pencari Batu di Hutan Jati Grobogan;35;0;Jateng-DIY
Begini Kronologi Relawan Vaksin Sinovac Positif Covid-19;11;0;Nasional
Calon Wawalkot PDP Merasa Dilecehkan soal ?Sekamar Saja? Bisa Lapor ke Bawaslu;12;0;Nasional
Tim Riset Jelaskan soal Plasebo Terkait Relawan Vaksin Sinovac Positif Covid-19;17;0;Nasional
Arus Lalin Menuju Puncak Padat, Polisi Berlakukan One Way;7;0;Nasional
Begini Kronologi Relawan Vaksin Sinovac Positif Covid-19;15;0;Nasional
Perjalanan Kasus Idrus Marham hingga Bebas dari Bui;30;0;Nasional
Lebih Efektif Mana, PSBB VS PSBM?;27;2;Nasional
Warga Datangi TKP Penemuan Mayat yang Kaki-Tangannya Terikat di Batang;30;0;Jateng-DIY
Polri Gandeng Preman Pasar Disiplinkan Masker, IKAPPI DKI: Kurang Humanis ;9;0;Nasional
Soal PSBB Total, Bima Arya Sebut Anies Belum Selesai Koordinasi dengan Jabar;19;0;Nasional
Dory Harsa Nikahi Nella Kharisma, Tak Ada Acara Keluarga di Solo;32;0;Entertaintment
Alice Norin Berhenti Jadi DJ, Ngaku Tak Lagi Seksi;14;0;Entertaintment
Fatin Shidqia Putus dari Putra Bupati Musi Rawas;13;0;Entertaintment
Kontroversi Shandy Aulia di Luar Pengakuan Jalani 2 Agama;27;0;Entertaintment
Andhika Pratama Mandikan Anak Kelima dengan Air Mineral;11;0;Entertaintment
DPR: RS Covid-19 DKI Jakarta Masih Cukup, Terpakai 63% Saja;10;0;Entertaintment
Terdengar Ledakan Sebelum 6 Truk Tangki di Margomulyo Hangus Terbakar;15;0;Nasional
Warga Sekitar TPST Piyungan Keluhkan Limbah Sampah;26;0;Jateng-DIY
Studi Terbaru: Makan di Restoran Peluang Tertular Virus Corona Lebih Besar;40;0;Nasional
Tak Percaya Corona, Seorang Mahasiswa di Depok Kini Terinfeksi;36;0;Nasional
Pelatihan Pembuatan Ikan Asap Menggunakan Asap Cair bagi UMKM Kendal;39;0;Jateng-DIY
Pandemi Covid-19, New York Fashion Week Tetap Digelar Tamu Dibatasi;8;0;Entertaintment
Asik Selfi Mahasiswi Ini Hilang Terseret Ombak Pantai Kebumen;42;0;Jateng-DIY
Menewaskan 1 Karyawan, Toko Roti Trubus Yogya Diduga Sengaja Dibakar;36;0;Jateng-DIY
Nitizen Sebut Dory Harsa Murtad;71;0;Entertaintment
Tambah 4 Orang, Dokter Meninggal Selama Pandemi Covid-19 Jadi 115;35;0;Nasional
Korban Tewas Terpanggang, Ternyata Pelaku Pembakar Toko Roti dan Kue Trubus;1716;332;Jateng-DIY
Kasus Positif Corona di Indonesia Hari Ini Tambah 3.806 Jadi 214.746;9;0;Nasional
Penyanyi Negeri Jiran Sandra Dianne Meninggal Dunia di Usia 25 Tahun;31;0;Entertaintment
Begini Kondisi Terkini Toko Roti Trubus Yogya;261;12;Jateng-DIY
Ini Ciri-ciri Mayat yang Kaki dan Tangannya Terikat di Bawah Tol Batang;35;1;Jateng-DIY
Inter & Juventus Inginkan Marcelo, tapi Gajinya Kemahalan;10;0;Sport
Kualifikasi MotoGP San Marino: Yamaha Berkuasa, Vinales Rebut Pole;16;0;Sport
Pelantikan Pengurus Pusat JMSI Ditunda;13;0;Nasional
Lima Langkah Berbisnis Potensial;11;0;Ekonomi
Tentang Selebrasi Tutup Kuping Mo Salah;25;0;Sport
Indonesia Batalkan Permohonan Jadi Tuan Rumah Turnamen Seri Asia;9;0;Sport
Pemasok Narkoba di Jatim Ditembak Mati, Polisi Akan Datangkan DEA;52;0;Nasional
Ini 5 Fakta Kebakaran di Toko Trubus Yogya;503;128;Jateng-DIY
Ojol Boleh Angkut Penumpang Saat PSBB Jakarta;7;0;Nasional
Karantina Pertanian Semarang Bina BPP Banyubiru sebagai Model BPP Kostratani;48;0;Jateng-DIY
Poin-poin Penting Saat PSBB Ketat di Jakarta Besok;36;0;Nasional
Mal di Jakarta Diizinkan Beroperasi Saat PSBB Ketat, Pengunjung Maksimal 50%;16;0;Nasional
Syekh Ali Jaber Ditusuk Orang Tak Dikenal;33;0;Nasional
Hasil MotoGP San Marino: Franco Morbidelli Juara;19;0;Sport
Ditangkap, Pelaku Penusukan Syekh Ali Jaber di Lampung;62;1;Nasional
Ditusuk Orang Tak Dikenal, Syekh Ali Jaber: Allah Selamatkan dari Pembunuhan;37;2;Nasional
Ini Pelaku Penusuk Syekh Ali Jaber di Lampung;222;20;Nasional
PSBB Ketat Jakarta: Kapasitas Kantor Maksimal 25%;27;2;Nasional
Mulai Hari Ini PSBB Diberlakukan, Masuk Jakarta Tak Perlu SKIM ? Ojol Boleh Beroperasi;25;0;Nasional
Polisi Sebut Kondisi Lalin di Jakarta Padat Meski PSBB Ketat;12;0;Nasional
Mahfud Md Sentil Tata Kata Anies Bikin Perekonomian Terkejut, Negara Rugi Rp 300 T;57;0;Nasional
Terancam Penjara 5 Tahun Penusuk Syekh Ali Jaber Ditetapkan Jadi Tersangka;26;0;Nasional
PDIP-PKB Terpaksa Ganti Cawabup Demak di Pilkada Gegara Tak Lolos Tes Kesehatan;55;0;Jateng-DIY
Bursa Pilkada Sragen Petahana Bakal Lawan Kotak Kosong;9;0;Jateng-DIY
Dolar AS Balik ke Level Rp 14.800 di Hari Pertama PSBB;13;0;Ekonomi
Mal Tetap Buka Saat PSBB Kecuali Tempat Fitnes, Wahana Mainan Anak dan Bioskop;48;0;Ekonomi
Ini Syarat Lengkap Keluar Masuk Jakarta selama PSBB Total;29;0;Nasional
Pendataran Diperpanjang, Pilkada Kebumen Tetap Diikuti Satu Paslon;7;0;Jateng-DIY
Pasukan TNI Bakal Masuk Perkantoran Saat PSBB Ketat Cek Protokol Covid-19;17;0;Nasional
Pegawai KPK Masuk Kantor Dibatasi 25 Persen Saat Jakarta PSBB Ketat;7;0;Nasional
Jokowi Lantik 20 Dubes RI, Termasuk Waketum PBB dan Eks Presdir Metro TV;18;0;Nasional
Mayat Wanita Ditemukan di Kebun Tebu Magelang;41;0;Jateng-DIY
Pengakuan AA Penusuk Syekh Ali Jaber: Merasa Dihantui;37;0;Nasional
Jokowi Minta Kepala Daerah Tak Terburu-buru Tutup Wilayah Penuh;8;0;Nasional
Rey Mbayang Beri Hadiah Dinda Hauw Motor: Jangan Ikut Balap Liar ya Sayang;38;0;Entertaintment
Syekh Ali Jaber Langsung Ceramah Lagi Usai Ditusuk Orang;25;0;Entertaintment
Dilaporkan Syahrini Pencemaran Nama Baik, Lia Ladysta Jadi Tersangka;24;0;Entertaintment
Jokowi Sebut Angka Kesembuhan Corona di Indonesia Masih Rendah;16;0;Nasional
Hotman Paris Bocorkan Isi Chat Anies Baswedan soal Protes PSBB Total;25;0;Entertaintment
Kisah Syekh Ali Jaber yang Belum Lama Resmi Jadi WNI;48;0;Entertaintment
Jadi Sorotan Jokowi, 4 Provinsi Ini Bikin Tingkat Kematian Covid-19 di RI Tinggi;21;0;Nasional
Gegara Tak Punya HP Siswi SMP Kudus Ini Ujian di Sekolah Sendirian;86;232;Jateng-DIY
Seperti Ini Penampilan Nefartari Vivi di One Piece Usai Diubah Eiichiro Oda;45;0;Entertaintment
KPU Catat 738 Paslon Mendaftar di Pilkada Serentak 2020;15;0;Nasional
Berkas Tak Lengkap, Pendaftaran Bupati Petahana di Pilkada Wonosobo Ditolak KPU;24;0;Jateng-DIY
Ekonomi Bantul Tumbuh dari Desa;12;0;Jateng-DIY
Lurah Jetis Gunungkidul Positif Corona, Kantor dan Klinik Ditutup Sementara;14;0;Jateng-DIY
15 Hotel Diubah Jadi Tempat Karantina, Kapasitasnya 3.000 Orang;22;0;Nasional
Gegara PSBB Bisnis Parkir di Jakarta Terancam Gulung Tikar;11;0;Nasional
Musim kedua Manga Burn the Witch Segera Terbit;70;0;Entertaintment
Ustad Solmed Minta PolisiTransparan Tangani Kasus Penusukan Syekh Ali Jaber;22;0;Nasional
3 Minggu Dirawat, Penyanyi Senior Iis Sugianto Sembuh dari Corona;16;0;Entertaintment
Pesan Yusuf Mansur Terkait Penusukan Syekh Ali Jaber yang Bikin Heboh;18;0;Entertaintment
Fakta ?Pasukan Khusus Rajawali? BIN yang Diungkap Pakar Intelijen;19;0;Nasional
Sekda DKI Saefullah Dikabarkan Terinfeksi Virus Corona;41;0;Nasional
MA Vonis Mati Warga Sumut Penyelundup 53 Kg Sabu dari Malaysia;18;0;Nasional
Kiki Amalia Bocorkan Cara Salurkan Hasrat Seks Selama 8 Tahun Menjanda;30;0;Entertaintment
Jokowi Soroti Ketimpangan Tes Corona: DKI 324 Ribu, Jatim Masih 184 Ribu;13;0;Nasional
Apapun Pandangan Politiknya Mahfud Minta Ulama Dilindungi;17;0;Nasional
1 Fakultas di UIN Yogya Ditutup, Ada Mahasiswanya Kena Corona;20;0;Jateng-DIY
Penampakan Mal di Jakarta Saat PSBB Jakarta Hari Pertama;21;0;Nasional
Geger Penusukan Syekh Ali Jaber Saat Dakwah, PP Muhammadiyah: Jahiliah!;22;0;Jateng-DIY
Kecelakaan Beruntun Bus Kemenhan dan 3 Kendaraan di GT Cililitan;26;0;Nasional
Polisi Cek CCTV Selidiki Nenek Dianiaya dan Nyaris Diperkosa di Klaten;19;3;Jateng-DIY
Mayat Korban Pembunuhan di Batang Diambil Keluarga, Polisi Masih Lidik;208;34;Jateng-DIY
Dirut dan 9 Nakes RS PKU Muhammadiyah Gamping Positif Covid-19;103;0;Jateng-DIY
1 Nelayan Hilang Saat Perahu Terbalik Dihantam Ombak di Pantai Kebumen;17;0;Jateng-DIY
Corona Masih Tinggi,Pakar Pemilu UGM Setuju Pilkada Ditunda Tahun Depan;15;0;Jateng-DIY
Pasar Cebongan Sleman Jadi Klaster Baru, 19 Orang Terinfeksi Corona;30;0;Jateng-DIY
Trisula Chelsea Bisa Lebih Garang Ketimbang Trio Firmansah;22;0;sport
Ade Firman Hakim Meninggal Dunia Karena Gejala COVID-19;95;0;Entertaintment
Ponakan Prabowo Jadi Waketum Gerindra, Janji Tak Ganggu Agenda Pilwalkot;18;0;Nasional
Heboh ?Pasukan Khusus Rajawali? BIN, Ini Penjelasan Bamsoet;10;0;Nasional
BIN Tergaskan Tak Ada Pasukan Rajawali, Jangan Kaitkan ke Schutzstaffel Nazi Jerman;19;0;Nasional
Lagi KKB Tembak Dua Warga Sipil di Intan Jaya Papua;11;0;Nasional
Pemprov Tutup 8 Perusahaan di DKI: 5 karena Kasus Corona, 3 Langgar PSBB;11;0;Nasional
Begini Pergerakan Rupiah Setelah Jakarta Mulai PSBB Lagi;7;0;Ekonomi
Utang Luar Negeri Indonesia Tumbuh 4,1%, Jadi Rp 6.104 T;8;0;Nasional
Pemerintah Terkesan Menentang PSBB Jakarta, Ini Jawaban Airlangga;8;0;Ekonomi
Selamat Jalan Ade Firman Hakim;24;0;Entertaintment
Usai MONSTA X, Kreator We Bare Bears Ingin Kolaborasi dengan BLACKPINK dan CL;44;0;Entertaintment
Jadi Tersangka Laporan Syahrini Ini Tanggapan Lia Ladysta;13;0;Entertaintment
Sahabat Tak Bisa Berkata-kata Tahu Ade Firman Hakim Meninggal;17;0;Entertaintment
Aktris Oh In Hye Meninggal Dunia usai Ditemukan Tak Sadarkan Diri;10;0;Entertaintment
Perjalanan Karier Oh In Hye Sebagai Aktris Drama dan Film;14;0;Entertaintment
Perkembangan Terakhir dari Klaster Corona Warung Soto Lamongan di Yogya;15;0;Jateng-DIY
Berkas Syarat Gibran di Pilkada Solo Dinyatakan Lengkap, Tapi Teguh Belum;33;1;Jateng-DIY
10 Orang Positif Corona, Kantor BPJS Boyolali Ditutup;426;341;Jateng-DIY
Paslon Independen Pilkada Solo Belum Lengkapi Syarat LHKPN;12;2;Jateng-DIY
PN Sleman Setop Aktivitas Perkantoran, Ada Pegawai Positif Corona;7;2;Jateng-DIY
KPU Sleman Rapat Pleno, Berkas 3 Bapaslon Belum Penuhi Syarat;9;2;Jateng-DIY
Ketua DPRD Brebes Kena Corona, I132 Anggota dan Staf Jalani Swab;6;0;Jateng-DIY
Bawaslu Jadi Klaster Terbesar , Kasus Corona di Boyolali Tembus 700;16;2;Nasional
Bupati Banjarnegara Ingatkan Kades Bertato Utamakan Kinerja;32;2;Jateng-DIY
Tambah Jadi 9 Orang Positif Hasil Tracing PKL Malioboro Meninggal Kena Corona;7;0;Jateng-DIY
Mahasiswa Panitia PPSMB UGM Diisolasi, Ada Keluarga Kena Corona;15;2;Jateng-DIY
Pedagang Pasar Beringharjo Positif Covid-19;8;0;Jateng-DIY
Lift Terhempas Jatuh dari Lantai 2, Ketua DPRD DIY Patah Tulang;8;2;Jateng-DIY
Rapat Bareng DPR RI, LPSK Ungkap Ada10 Staf Positif Corona;6;0;Jateng-DIY
Cabai Merah Lahan Pasir Tembus sampai Medan;16;2;Ekonomi
Lift yang Jatuh dari Lantai 2 Tenyata Milik Pribadi Ketua DPRD DIY;152;16;Jateng-DIY
Bocah SMP di Klaten Ini Punya Koleksi Ular Piton;11;3;Jateng-DIY
Pria Ini Sabet Warga Pakai Pisau Gegara Tak Terima Ditegur Geber Gas Motor;1072;238;Jateng-DIY
Jakarta PSBB Ketat, JK Imbau Masjid Tak Gelar Salat Jumat;7;0;Nasional
Kepala Inspektorat Brebes Positif Corona;43;0;Jateng-DIY
Kronologi Jatuhnya Lift yang Dinaiki Ketua DPRD DIY;26;2;Jateng-DIY
Tracing Klaster Soto Lamongan Yogya Dihentikan, 1 Orang Meninggal;17;2;Jateng-DIY
Dinilai Belum Aman, Sekolah Tatap Muka di Kota Salatiga Ditunda;13;2;Jateng-DIY
Warga Temukan Patok Batu, Diduga Batas Wilayah Masa Mataram Kuno Ditemukan di Klaten;36;0;Jateng-DIY
Nekat Gerayangi Teman Wanita, Pria Ini Dibekuk Polisi;2269;341;Jateng-DIY
Susah Sinyal dan Tak Punya HP Jadi Alasan Siswa SMP Kudus Ujian Online di Sekolah;15;0;Jateng-DIY
Aktris Jepang Sei Ashina Meninggal Dunia Diduga Bunuh Diri;17;0;Entertaintment
Keluarga Tegaskan Ade Firman Hakim Meninggal Bukan karena Covid-19;12;0;Entertaintment
Kematian Aktris Kamen Rider Sei Ashina Masih Misteri;36;3;Entertaintment
Kejamnya Rami Malek di James Bond No Time to Die;7;0;Entertaintment
Cerita Jackie Chan Tenggelam di Sungai, Sutradara Menangis;31;2;Entertaintment
Profil Sei Ashina, Aktris Jepang yang Meninggal Diduga Bunuh Diri;44;2;Entertaintment
PH Program untuk SCTV-Indosiar Tutup Studio Sementara, Karyawan Kena Corona;65;0;Entertaintment
Kasus Positif Corona Hari Ini Tambah 3.507, Jadi 225.030;5;0;Nasional
UIN Suka Yogyakarta Gelar SKB Online CPNS 2019;26;2;Jateng-DIY
Hakim Vonis Raja-Ratu Keraton Agung Sejagat 4 Tahun dan 1,5 Tahun;297;251;Jateng-DIY
Polisi Cek Peristiwa Jatuhnya Lift di DPRD DIY;7;0;Jateng-DIY
Ini Sederet Pengakuan Halu Raja-Ratu Keraton Agung Sejagat;16;2;Jateng-DIY
Penampakan Lift DPRD DIY yang Jatuh karena Tali Putus;34;2;Jateng-DIY
Ada Lowongan Kerja di PAM Jaya;15;2;Ekonomi
Penjual Kerajinan Kayu di Yogya Ini Raup Omzet Rp 4 Juta/Hari di Tengah Pandemi;46;2;Jateng-DIY
Pemkab Boyolali Sebut Kasus Corona Banyak karena Swab Masif;149;82;Jateng-DIY
Jamkrindo Jalin Kerjasama dengan Bank Kalsel Untuk Jamin Kredit Modal Kerja;12;0;Ekonomi
Barcelona Sudah Diskusi dengan Messi, Siap Lepas 12 Pemain;23;0;sport
Willian dan David Luiz Ajak Oscar Gabung ke Arsenal;20;0;sport
Soal Balap Lari Liar di Semarang, Ganjar: Tak Usah Bikin Event Kemruyuk!;435;87;Jateng-DIY
Pelaku Penusuk Syeikh Ali Jaber Viral di Medsos;61;12;Nasional
Cegah Manipulasi Angka, Luhut Minta Kemenkes-Dinkes Sinkronisasi Data Corona;14;0;Nasional
BIN Bantah Punya Pasukan Rajawali, Tepis Penyamaan Schutzstaffel Nazi;11;0;Nasional
Pagi Ini Dieng Berselimut Embun Es, Suhu Minus 5 Derajat;21;3;Jateng-DIY
Asosiasi Satpam Klaim Dilibatkan Penyusunan Aturan Baru Pam Swakarsa;28;2;Nasional
APSI Pastikan Seragam Cokelat Mirip Polisi Hanya untuk Satpam Kantor;17;2;Nasional
Pemprov DKI Tutup Sementara 10 Perusahaan di Hari Kedua PSBB Ketat;12;2;Nasional
Rumah dan Gudang di Kudus Kebakaran, Korban Rugi Rp 350 Juta;21;2;Jateng-DIY
Nasib Ekonomi RI Saat Jakarta PSBB Lagi, Ini Prediksi Sri Mulyani;17;2;Nasional
Pendiri PolMark Eep Saefulloh Bakal Dipolisikan Erwin Aksa;71;3;Nasional
Kontak Erat dengan Menteri KKP, Kapolres NTT Tertular Corona;70;2;Nasional
Luhut Lobi Arab Minta Tambahan 20 Juta Vaksi Corona;10;2;Nasional
Pertamina Respons Kritikan Ahok soal Borok Direksi;7;0;Ekonomi
Lia Ladysta Bakal Diperiksa Polisi usai Jadi Tersangka Kasus Syahrini;12;0;Entertaintment
Jawaban Kiki Fatmala soal Isu Pindah Agama;32;2;Entertaintment
Ana de Armas Jadi Marilyn Monroe;24;2;Entertaintment
Jaksa Klarifikasi Laporan Dugaan Insentif Nakes Corona di Puskesmas Brebes Disunat;53;2;Jateng-DIY
Dinkes Jepara Minta Maaf Terkait Ibu Melahirkan Sendiri di Puskesmas;345;12;Jateng-DIY
Sultan HB X: Jangan Anggap Corona Terlalu Berbahaya, Kita Adaptasi Aja;17;2;Jateng-DIY
PSSB Dinilai Matikan Ekonomi, Solo Pilih Isolasi Micil untuk Tangani Corona;9;0;Jateng-DIY
Kampus UNY Ditutup 3 Hari Gegara Istri Pegawai Kena Covid-19;12;0;Jateng-DIY
Kabar Duka, Istri Ketua DPRD DIY Meninggal Dunia;885;233;Jateng-DIY
Pihak Pemasang Lift Pribadi Ketua DPRD DIY yang Jatuh Angkat Bicara;22;0;Jateng-DIY
Kasus Tewasnya PSK di Kamar Hotel Sleman, Polisi Temukan Fakta Baru;2263;324;Jateng-DIY
Dugaan Penyebab Lift Pribadi Ketua DPRD DIY Jatuh karena Human Error;20;0;Jateng-DIY
Jaksa Panggil Kepala Dindagkop Blora Terkait Dugaan Jual Beli Kios Pasar;18;2;Jateng-DIY
Eep Akan Kembalikan Dana Rp 1,5 M Usai Mundur dari Kerja Sama Tim Appi-Rahman;16;2;Nasional
Aturan KPU Bolehkan Konser Saat Kampanye Pilkada Disorot Satgas Corona;23;2;Nasional
Patah Kaki Akibat Lift Pribadi Jatuh, Ketua DPRD DIY Operasi Pasang Pen;14;2;Jateng-DIY
Prajurit TNI Jadi Tersangka Penyerangan Polsek Ciracas Total 65 Orang;11;2;Nasional
PSBB Hari Kedua Pemprov DKI Tutup 23 Rumah Makan-Kafe;14;2;Nasional
Kantor DPRD DIY Ditutup 3 Hari Lantaran 4 Anggota Positif Covid-19;13;0;Jateng-DIY
Dirawat di RSPAD Gatot Soebroto karena Corona, Sekda DKI Saefullah Meninggal;5;0;Nasional
Warga Geruduk Balai Desa di Kudus Protes Pabrik Tahu Cemari Air;67;120;Jateng-DIY
Lewat Pesan Berantai Anies Ajak Sholat Gaib Doakan Sekda DKI Saefullah;13;2;Nasional
Usai Cerai dengan Gading Marten Gisel Ngaku Masalah Hidup Lebih Banyak;13;0;Entertaintment
Madonna Bakal Garap Film Biopiknya Sendiri;8;0;Entertaintment
Spoiler Manga Boruto 50;645;2;Entertaintment
Turut Berduka Saefullah Meninggal, Ahok: Saya yang Pilih Beliau Jadi Sekda DKI;30;2;Nasional
Berita Okky Lukman Positif Corona Hoax!;17;2;Entertaintment
Gegara Tweet Jefri Nichol Ditantang Bertemu Polisi di Bandung;29;2;Entertaintment
Karena Isu Pindah Agama Pernikahan Audi Marissa Jadi Heboh;37;0;Entertaintment
Belum Ingin Berdamai, Irwansyah Serius Polisikan Medina Zein;16;0;Entertaintment
Pakar Komunikasi UNS: Bikin Buruk Citra Pertamina Harusnya Ahok Bicara Internal;27;2;Jateng-DIY
Siswa SMA di Banyumas Cabuli 3 Bocah Sesama Jenis;21;3;Jateng-DIY
Meninggal Dunia karena Corona, Ini Profil Sekda DKI Saefullah;43;5;Nasional
Mayat Wanita Ditemukan di Kebun Tebu Magelang Ternyata Dibunuh Pacar;78;2;Jateng-DIY
Pandemi Corona HIV-AIDS di Kudus Meningkat, Seks Sesama Pria Sumbang 7 Persen;29;2;Jateng-DIY
Ucapkan Belasungkawa, Jokowi Sebut Saefullah Sahabat-Rekan Kerja yang Baik;16;2;Nasional
Polisi Tangkap Pria Ngamuk Sabet Warga Pakai Pedang: Diduga Pengedar Pil Koplo;260;21;Jateng-DIY
4 Anggota DPRD DIY Positif Covid-19;22;0;Jateng-DIY
Lepas Jenazah Saefullah, Anies: Kota Ini Terus Kirim Pahala Atas Amalmu;25;0;Nasional
Kasus Corona di Indonesia Hari Ini Tambah 3.963;11;0;Nasional
Dino Patti Djalal Positif Corona, Saat Ini Masih Dirawat di RSPAD;32;2;Nasional
Anies Tutup Sementara Gedung G Balai Kota, 2 Pejabat DKI Positif Corona;10;2;Nasional
Jamkrindo Raih Penghargaan di Bidang Pemasaran;13;2;Ekonomi
Pemprov DKI Jamin ASN di Gedung G Work from Home Tak Ganggu Kinerja;11;0;Nasional
KontraS Kritik Keras Polri Soal Pam Swakarsa: Komponen Lahirnya FPI;16;2;Nasional
Wartawan Senior Sekaligus Sejarawan Betawi Alwi Shahab Meninggal Dunia;16;2;Nasional
Bantahan FPI Organisasinya Disebut Berasal dari Pam Swakarsa Era 1998;47;2;Nasional
Gunting Bendera Merah Putih dan Viral di Medsos, Emak-emak Ini Jadi Tersangka;14;2;Nasional
Belasungkawa Membanjiri YouTube Ren Korban Mutilasi di Apartemen Kalibata City;525;442;Jateng-DIY
Polisi Telusuri Video Viral Perempuan di Magelang Pamer Celana Dalam di Jalan;36;2;Jateng-DIY
Plt Kepala BKD Blora Dihukum Nyapu Gegara Joget Bareng Pegawai Tanpa Masker;13;2;Jateng-DIY
Pensiunan TNI Jadi Eksekutor Perampokan Toko Emas di Blora Ditangkap;14;2;Jateng-DIY
Data Penerima Insentif Covid Beredar di Medsos , Jumlah Transfer dan Diterimanya Beda;38;0;Jateng-DIY
2 Pria Magelang Tanam 45 Tanaman Ganja Bibitnya Dibeli Via Online;12;0;Jateng-DIY
Tak Pakai Masker Wanita Muda Ini Bersihkan Sungai, Tapi Sempat Menolak;45;0;Jateng-DIY
Hari Ini Mulai Ditutup, Gedung Blok G Balai Kota DKI Disemprot Disinfektan;10;0;Nasional
Korban Mutilasi di Kalibata City Ternyata Alumni UGM, Humas Sampaikan Belasungkawa;35;3;Jateng-DIY
Ayah Meychan Meninggal Dunia, Diduga Kena Corona;16;0;Entertaintment
Eiichiro Oda Serius Akhiri Manga One Piece dalam 5 Tahun;10;0;Entertaintment
Bazar-Jalan Santai Juga Diizinkan di Kampanye Pilkada Selain Konser Musik;10;0;Nasional
Korban Mutilasi di Kalibata City Warga Sleman, Pelayat Mulai Berdatangan;1763;221;Jateng-DIY
Baru Bertugas 3 Bulan di PN Surabaya, Hakim dan Istrinya Meninggal karena Covid-19;19;0;Nasional
Bambang Trihatmojo Gugat Menkeu Terkait Pencekalan ke Luar Negeri;23;0;Nasional
Dikabarkan Positif Corona, Robert Pattinson Kepergok Cium Suki Waterhouse;19;0;Entertaintment
Laga Uji Coba, Timnas Indonesia U-19 Vs Qatar Malam Ini;21;0;sport
Keberatan, Kemendagri Minta KPU Revisi Izin Konser Musik Saat Pilkada;15;0;Nasional
Apartemen Tempat Mutilasi Dihuni 2 Pria dan Wanita Rambut Pirang;55;0;Nasional
MUI Protes Logonya Dicantumkan Saat Sosialisasi Penceramah Bersertifikat;36;2;Nasional
Kabareskrim Ungkap Kebakaran Gedung Utama Kejagung;7;0;Nasional
Diduga Ada Unsur Pidana dalam Kebakaran Gedung Kejagung;7;0;Nasional
Ruwatan Anak Rambut Gimbal di Dieng, Permintaan Bakso ? Kalung Emas Harus Dipenuhi;15;0;Jateng-DIY
1 Tahun DPO, Napi Kasus Penipuan Rp 4,6 M Ditangkap di Banyumas;42;0;Jateng-DIY
Kabareskrim Sebut Sumber Api di Kejagung dari Open Flame Bukan Arus Pendek;8;0;Nasional
Adik Korban Mutilasi di Kalibata City Cerita Pertemuan Terakhir 23 Agustus;78;0;Jateng-DIY
Polisi Sudah Periksa 131 Saksi Terkait Kasus Kebakaran Gedung Kejagung;7;0;Nasional
Kabar Duka, 1 Dokter di Malang Meninggal Terpapar Corona;38;2;Nasional
Bukan Ormas, Polri Nyatakan Pam Swakarsa Saat Ini Beda dengan Era 1998;21;2;Nasional
Pedangdut Iyeth Bustami Pakai Ijazah Paket C Maju Pilkada, PKB Riau: Tak Masalah;19;0;Nasional
Jampidum Dukung Polisi Usut Tuntas Dugaan Pidana di Kebakaran Gedung Kejagung;17;2;Nasional
Total 14 Pejabat Pemprov DKI Terinfeksi Covid, Ini Daftar Sembuh dan Masih Dirawat;30;2;Nasional
Ini 2 Pejabat Pemprov DKI yang Positif Corona;11;0;Nasional
Gedung Dinas Teknis Jatibaru Jakarta Lockdown Ada Staf Positif Corona;20;2;Nasional
Kantor Walkot Jaksel Terapkan WFH, 7 ASN Positif Corona;8;0;Nasional
Irawan Karseno Gelar Pameran Tunggal Melukis dalam Kereta;28;2;Entertaintment
Ayah Meychan Dimakamkan Sesuai Protokol Covid-19;9;0;Entertaintment
Diduga Jatuh di Kamar Mandi, Penyanyi Alien Huang Meninggal;22;2;Entertaintment
Vicky Prasetyo Diisukan Bebas Hari Ini, Keluarga Datang Menjemput;12;2;Entertaintment
Letto Hangatkan Sejuknya Udara Pagi di Dieng;12;0;Entertaintment
77 Adegan Diperagakan dalam Rekonstruksi Penyerangan Doa Nikah di Solo;23;2;Jateng-DIY
Bank Jateng Pemalang Bantu Tandon Air Cuci Tangan ke Disperkim;16;2;Jateng-DIY
Rencana Jenazah Korban Mutilasi Kalibata City Akan Dimakamkan di Sleman;464;145;Jateng-DIY
Bawa Jenazah Saefullah ke Balai Kota DKI, Anies Dikritik Azas Tigor;16;0;Nasional
MOLA TV Tayangkan Sepakbola Kelas Dunia;13;0;Jateng-DIY
Rinaldi Harley Wismanu Korban Mutilasi Dikenal Jadi Tulang Punggung Keluarga;168;5;Jateng-DIY
Banyak Pejabat DKI Positif Corona, Anies Rutin Tes Swab;10;2;Nasional
Polisi Berhasil Temukan Wanita Pamer Celana Dalam Sambil Naik Motor di Magelang;65;0;Jateng-DIY
Pemprov DKI Beri Penjelasan Soal Jenazah Saefullah Dibawa ke Balai Kota;23;0;Nasional
Ini Penampakan Laki-laki dan Perempuan Pelaku Mutilasi di Kalibata City;1689;351;Nasional
Siswa SMA di Banyumas Cabuli Sesama Jenis, Korbannya Tambah Jadi 10 Bocah;43;0;Jateng-DIY
Helikopter PT NUH Dilaporkan Hilang Kontak Saat Penerbangan dari Nabire Papua;43;0;Nasional
Kasus Covid-19 di Indonesia Per 17 September Tambah 3.635, Total 232.628;12;0;Nasional
Vicky Prasetyo Sujud Syukur Bebas dari Penjara;24;0;Entertaintment
Polisi Ungkap Fakta Terkait Kasus Mutilasi di Kalibata City;698;122;Nasional
Calon Bupati Saling Mendahului;37;2;Jateng-DIY
Wartawan di DPRD DIY juga Di-Rapid Test;43;2;Jateng-DIY
Thiago Segera ke Liverpool, Nomor Favoritnya Siap Pakai;11;0;sport
Kejagung Ungkap ?Action Plan? Pengurusan Fatwa MA untuk Bebaskan Djoko Tjandra;21;0;Nasional
Pencarian Helikopter Hilang di Pegunungan Papua Dilanjutkan;14;0;Nasional
Terungkap Rencana Djoko Tjandra Beri USD 10 Juta Urus Fatwa, Ini Tanggapan MA;12;0;Nasional
Berkas Perkara Surat Jalan Djoko Tjandra Kembali Dilimpahkan Polri ke Kejagung;11;0;Nasional
Corona Berkepanjangan, 1,5 Juta Pegawai Hotel ? Restoran Waswas Terancam PHK;22;0;Nasional
Piutang Negara, Alasan Kemenkeu Cekal Bambang Trihatmodjo ke Luar Negeri;17;2;Ekonomi
Penahanannya Ditangguhkan, Vicky Keluar dari Penjara Tanpa Harus Wajib Lapor;9;0;Entertaintment
Pamer Pacar Baru, Miller Khan Didoakan Segera Nikah;15;0;Entertaintment
Respons Nicole Poturalski Saat Dikecam karena Pacaran dengan Brad Pitt;11;0;Entertaintment
Kondisi Fairuz A Rafiq Membaik, Usai Keguguran;13;0;Entertaintment
Istri Mendiang Didi Kempot Bicara soal Agama Dory Harsa;64;2;Entertaintment
Hari Ulang Tahun Ashraf Sinclair BCL Tulis Pesan Haru;23;2;Entertaintment
Terinfeksi Covid-19 Kepala Inspektorat Brebes Meninggal Dunia;296;10;Jateng-DIY
Sasuke Hampir Mati Melawan Isshiki Otsutsuki di Manga Boruto 50;194;2;Entertaintment
600 Pedagang Kehilangan Los Jualan Akibat Kebakaran Pasar Cepogo Boyolali;536;775;Jateng-DIY
Selama PSBB Masjid Fatahillah Balai Kota DKI Tak Gelar Salat Jumat;12;0;Nasional
Akhirnya Buka Suara, Momo Ngaku Dikeluarkan Begitu Saja dari Geisha;12;0;Entertaintment
Pasar Cepogo Boyolali Terbakar Hebat Semalam, Diduga Ini Penyebab;28;2;Jateng-DIY
Gisel Berbenah Diri, Tujuannya Sekarang Tuhan Bukan Wijin;12;0;Jateng-DIY
Bintang Netflix Jerry Harris Didakwa Kasus Pornografi Anak;21;0;Entertaintment
Dwi Sasono Tetap Dukung Anak Bermusik Meski Direhab;11;0;Entertaintment
Telepon Tak Diangkat Maia Estianty, Pinkan Mambo: Mungkin Terlalu Banyak Duit;11;0;Entertaintment
Kondisi Terkini Ari Lasso yang Dirawat di Rumah Sakit;18;0;Entertaintment
Hasil Tes Swab Ade Firman Hakim Negatif Covid-19;13;0;Entertaintment
Anjasmara Dibawa Mabuk Perankan Everyday is A Lullaby;27;2;Entertaintment
Irish Bella Melahirkan Anak Pertama, Netizen Penasaran;18;2;Entertaintment
Medina Zein Ajukan Praperadilan karena Kasus vs Irwansyah Disetop Polisi;22;0;Entertaintment
Paska Kebakaran Pemkab Boyolali Bakal Bangun Pasar Darurat Cepogo;66;96;Jateng-DIY
Duka dan Ungkapan Hati Keluarga Korban Mutilasi di Kalibata City;225;5;Jateng-DIY
Polisi Gerebek Rumah Pengepakan Rokok Ilegal di Jepara, 887.680 Batang Disita;47;5;Jateng-DIY
Penyuka Musik Metal di Banyumas Ini Sulap Paralon Jadi Lampion Menarik;14;0;Jateng-DIY
Cerita Mbak Ida yang Pamer Celana Dalam Sambil Berkendara Ternyata KTP Laki-laki;952;209;Jateng-DIY
2 Tahun Rusak Parah, 4 Ruang Kelas SDN di Kudus Tak Kunjung Diperbaiki;10;0;Jateng-DIY
Mobil Terguling Saat Dikejar Polisi Gegara Ketahuan Curi Celdam;11;0;Jateng-DIY
Bromo Jadi Kenangan Liburan Terakhir Keluarga dengan Rinaldi yang Tewas Dimutilasi;73;0;Jateng-DIY
Pencuri Celdam yang Nekat Kabur Hingga Mobilnya Terguling Terancam Bui 5 Tahun;12;0;Jateng-DIY
Dugaan Korupsi Setengah Miliar Lebih di DLH Purbalingga Mulai Diusut Jaksa;46;0;Jateng-DIY
Aksi Kejar-kejaran Polisi dengan Pencuri Celdam Bermobil di Blora;22;0;Jateng-DIY
Tanggapan Sultan HB X Soal KPU Izinkan Konser Musik Saat Kampanye;7;0;Jateng-DIY
Risih dan Tak Bawa Ganti Jadi Motif Pria Bermobil di Blora Nekat Curi Celdam;10;0;Jateng-DIY
Kasus Corona di Indonesia Hari Ini Tambah Tambah 3.891, Jadi 236.519;9;0;Nasional
Dampak Mengerikan Pandemi Covid-19 Buat Industri Rokok;24;0;Nasional
Erick Thohir Sebut Soetta Jadi Bandara Teraman dari Covid-19;10;0;Ekonomi
Omzet Pedagang Anjlok hingga 90% Sejak Masker Scuba-Buff Dilarang di KRL;38;0;Ekonomi
Geisha Tegaskan Tidak Pernah Keluarkan Momo;17;0;Entertaintment
Aktor Senior Piet Pagau Sembuh dari Covid-19;10;0;Entertaintment
Sudah 117 Dokter Meninggal Akibat Corona, Terbanyak di Jatim-Sumut;15;0;Nasional
Jokowi: Kebebasan Berpendapat Sering Dibajak untuk Klaim Paling Benar;16;0;Nasional
ICW Minta KPK Dilibatkan Usut Kebakaran Gedung Kejagung;8;0;Nasional
Warga Dieng Pelihara Ikan di Air Hangat 40 Derajat;22;2;Jateng-DIY
Kantor Kelurahan Gilingan Solo Lockdown, Ada Pegawai Kena Corona;14;0;Jateng-DIY
Polisi Tangkap 2 ABG Pecandu Film Porno yang Nekat Cabuli Gadis di Bawah Umur;39;0;Jateng-DIY
Ini Pengakuan Pria Bermobil Curi Celdam di Minimarket Blora;144;55;Jateng-DIY
Rekrut Panwas dari Kader Parpol, Komisioner Bawaslu Sragen Dilaporkan;9;0;Jateng-DIY
Kisah Pembunuhan Sadis di Kalibata City oleh Dua Sejoli Laeli dan Fajri;87;0;Nasional
Rekonstruksi Kasus Mutilasi Kalibata City, Laeli Cari ?Mangsa? Via Tinder;1427;193;Nasional
Ini Lokasi Heli PT NUH Mendarat Darurat, di 4.700 Mdpl Paniai;17;0;Nasional
Staf Setwan dan Wartawan Di-Rapid Test;15;0;Jateng-DIY
Indonesia Apresiasi Keputusan BWF Tunda Piala Thomas & Uber 2020;9;0;sport
Kasus Positif Covid-19 di DIY Tembus 2.000;14;0;Jateng-DIY
BLT Rp 600 Ribu/Bulan untuk 1,8 Juta Juta Guru Honorer;14;0;Ekonomi
Sejak Era Soeharto Bambang Trihatmodjo Punya Utang Negara, Nilainya Rahasia;21;0;Ekonomi
PSBB Lagi, Pengusaha Hotel dan Restoran Kencangkan Ikat Pinggang;14;0;Ekonomi
Audi Marissa Tegaskan Tak Pernah Tidur Bareng Anthony Xie Sebelum Nikah;19;0;Entertaintment
Amar Zoni Ungkap Rasa Bahagia Istri Melahirkan dengan Selamat;16;0;Entertaintment
Meski Robert Pattinson Diisukan Positif Corona The Batman Syuting Lagi;15;0;Entertaintment
Maria Vania Ogah Buang Waktu untuk Pria Tak Pasti;15;0;Entertaintment
Ibunda Meninggal, Indra Bruggman: Terus Siapa yang Bangunin Shalat Subuh;19;0;Entertaintment
Penjelasan Mahfud Md Tanggapi Sindiran Presiden PKS soal Penegakan Hukum;14;0;Nasional
Via Vallen Dulu Rela Nebeng Truk Demi Uang Jajan Kini Pedangdut Top;17;0;Entertaintment
Urutan Perencanaan-Mutilasi Rinaldi oleh Sejoli, Ada 37 Adegan Rekonstruksi;43;2;Nasional
Tepergok Mesum di Kandang Ayam 3 ABG Digiring Warga;990;448;Jateng-DIY
Bangkai Hiu Paus yang Terdampar di Pantai Congot Rencana akan Dikubur;34;0;Jateng-DIY
Seorang Wanita Ngaku Dilecehkan dan Diperas Saat Rapid Test di Soetta, Polisi Selidiki;16;0;Nasional
Fajri Pelaku Mutilasi Pernah Diusir Ketua RT karena Bawa Laeli ke Rumah;792;211;Nasional
Kronologi 3 ABG Tepergok Nyaris Mesum di Kandang Ayam;351;21;Jateng-DIY
Kajari Jember Positif Corona;14;2;Nasional
Ini Lubang yang Disiapkan Sejoli untuk Mengubur Korban Mutilasi;30;0;Nasional
JK Minta KPU Tunda Pilkada 2020 Hingga Vaksin Corona Ditemukan;18;0;Nasional
Kontroversi Pemobil Sendirian Tak Bermasker Disanksi Bebersih Kali;17;0;Jateng-DIY
El Barack Ingin Adik, Jessica Iskandar Merinding;12;0;Entertaintment
Lihat Cewek Tak Bermasker Dihukum Squat Oknum Petugas, Rina Nose Emosi;17;0;Entertaintment
Nasihat Kak Seto untuk Orang Tua yang Temani Anak Belajar Daring;36;0;Entertaintment
Indra Bruggman Menyesal Belum Menikah Saat Ibunda Meninggal Dunia;17;0;Entertaintment
Keluarga di Tegal Tak Ketemu Laeli Pelaku Mutilasi 1,5 Tahun;458;192;Jateng-DIY
Kevin Aprilio Pernah Terlilit Utang Rp 17 Miliar;31;0;Entertaintment
PKS Nyatakan Abstain di Pilbup Boyolali;14;0;Jateng-DIY
Gatot Nurmantyo Bicara Sumpah Prajurit Saat Deklarasi KAMI se-Jateng;30;0;Jateng-DIY
2 Peserta Seleksi CPNS Kendal Kena Corona, Tes Akan Dijadwalkan Ulang;5;0;Jateng-DIY
Jenazah 5 ABK KM Stratindo Dimakamkan di Pekalongan;43;0;Jateng-DIY
Luhut Targetkan Omnibus Law Cipta Kerja Disahkan Bulan Ini;18;0;Nasional
PMI Terima 2.000 Kantung Darah dari Polda Metro dalam Rangka HUT Polantas;11;0;Nasional
Dewas KPK Syamsuddin Haris Positif Covid-19, Kini Dirawat di RS Pertamina;9;0;Nasional
Akibat Kena Corona Camat Kelapa Gading Jakut M Hermawan Meninggal;37;0;Nasional
Gali Lubang di Sel, WN China Napi Narkoba Kabur Lewat Samping Lapas;21;0;Nasional
Pernah Semobil Dengan Arief Budiman Ketua KPU Sulsel Dikabarkan Positif Corona;19;0;Nasional
Siapkan Anggaran Rp 27 T untuk Bebaskan Lahan untuk Tol di Jawa & Sumatera;16;0;Ekonomi
Bea Cukai Tangkap 2 Orang dan Rokok Ilegal Senilai Rp 1,4 M;19;0;Jateng-DIY
PSBB Diperketat Penjualan Emas Sepi;14;0;Nasional
PMI Akui Kekurangan Stok Darah Sejak 2 Bulan Lalu Imbas Corona;7;0;Nasional
Camat Kelapa Gading Meningal Kena Corona Dimakamkan di Pondok Ranggon;15;0;Nasional
Jualan Kaus Cegah Covid-19 Ganjar Ngaku Untung Rp 200 Juta;12;0;Jateng-DIY
Via Pesan Singkat Anies Ajak Shalat Gaib untuk Camat Kelapa Gading;24;0;Nasional
Rektor IPB Arif Satria Umumkan Dirinya Positif Covid-19;14;0;Nasional
Tiduran di Kursi, Nenek di Klaten Ternyata Sudah Meninggal Beberapa Hari;19;0;Nasional
Update Corona Indonesia 19 September: Rekor Kasus Baru 4.168, Positif 240.687;20;0;Nasional
Kena Corona Rektor IPB Arif Satria Jalani Isolasi Mandiri;18;2;Nasional
Seperti Korsel, Dian Sastro Ingin Industri Film Indonesia Diterima Secara Global;24;0;Nasional
JK: Daripada Kena Denda Rp 250 Ribu Lebih Baik Beli Masker Kain Rp 5.000;21;0;Nasional
Saat Digerebek, Sejoli Pelaku Mutilasi Sempat Panjat Atap Rumah;48;2;Nasional
Amir Machmud Terpilih Lagi Ketua PWI Jateng 2020-2025;149;2;Jateng-DIY
6 Ton Sampah Plastik Disulap Jadi Taman Cantik di Batang;62;2;Jateng-DIY
Jumlah Orang Berumur Panjang di Indonesia Paling Banyak di Yogyakarta;26;2;Jateng-DIY
Dikenal Pintar, Laeli Pelaku Mutilasi Masuk PTN dari Jalur Bidik Misi;961;148;Jateng-DIY
Rossi: Motor Honda Kompetitif Kok, Cuma Kesulitan Tanpa Marquez;15;2;sport
Hasil FP3 MotoGP Emilia Romagna: Bagnaia Jadi yang Tercepat;16;2;sport
Warga Purworejo Ditemukan Tewas dalam Sumur Setelah Hilang Sepekan;1657;382;Jateng-DIY
Ganjar Pranowo: Kondisi UKM Kita Mulai Terasa Bangkit;15;2;Jateng-DIY
Chelsea Vs Liverpool Diprediksi Hujan Gol Lagi;21;2;sport
Hasil Kualifikasi MotoGP Emilia Romagna: Vinales Rebut Pole Position;37;2;sport
Link Live Streaming MU vs Crystal Palace;4487;2;sport
Elvy Sukaesih Berjuang Melawan Covid-19;45;2;Entertaintment
MU Ditekuk Palace, Solskjaer Salahkan Pramusim yang Kurang Ideal;23;2;sport
Inilah Wajah Baru Istiqlal, Masjid Terbesar se Asia Tenggara;36;2;Nasional
Wanita Ngaku Dilecehkan saat Rapid Test di Soetta, Polisi Kumpulkan Bukti;26;2;Nasional
IDI: Dokter Diduga Lecehkan Wanita Saat Rapid Test Bukan Anggota Kami;35;2;Nasional
Simpan Sabu, Oknum Polisi di Sulsel Melawan dengan Badik Saat Ditangkap;20;2;Nasional
Juventus Vs Sampdoria: Pirlo Prediksikan Laga Sulit;16;0;sport
Habib Umar: Stop Hoaks dengan Kebaikan;131;2;Jateng-DIY
MotoGP Emilia Romagna: Valentino Rossi Crash!;22;2;sport
Hasil MotoGP Emilia Romagna 2020: Vinales Pemenangnya;13;0;sport
Link Live Streaming Chelsea Vs Liverpool;81;0;sport
Direnovasi Rp 465 Miliar, Begini Masjid Istiqlal Sekarang;20;2;Nasional
MAKI Telah Serahkan Bukti Istilah ?Bapak? dan ?King Maker? ke KPK;19;2;Nasional
Kebakaran di Pasar Wage Purwokerto, Pedagang Berhamburan;17;0;Jateng-DIY
Dilarang Terbang ke Pontianak Gegara Bawa Penumpang Corona Ini Respons Citilink;16;0;Nasional
Pabrik Printer Ditutup Gegara 352 Pegawainya Terinfeksi Corona;20;0;Nasional
Menteri Agama Fachrul Razi Positif Covid-19;7;0;Nasional
Laeli dan Fajri Sempat Tidur Bareng Jenazah Rinaldi;34;2;Nasional
Sandiaga Jadi Tim Pemenangan Bobby, PKS All Out Dukung Akhyar;13;0;Nasional
Kebakaran Pasar Wage Purwokerto Diduga Berawal dari Blok Pedagang Minyak;12;0;Nasional
Menag Fachrul Razi Isolasi Mandiri Setelah Diketahui Positif Corona;15;2;Nasional
Menag Fachrul Razi Jadi Menteri Ketiga yang Terpapar Corona;11;0;Nasional
Saat Dentuman Misterius Jakarta Terjadi Ada Aktivitas Petir Gunung Salak;19;0;Nasional
Ajukan Banding, PT Malah Menguatkan Vonis Mati Zuraida Pembunuh Hakim Jamaluddin;18;0;Nasional
Positif Corona, Tugas Menag Didelegasikan ke Zainut Tauhid;13;0;Nasional
Jenazah Rinaldi Korban Mutilasi di Kalibata City Dimakamkan;168;3;Jateng-DIY
Vonis 20 Tahun Jadi Mati Dijatuhkan kepada Duo Eksekutor Hakim Jamaluddin;22;2;Nasional
Doakan yang Terbaik, Bupati Sleman Hadir di Pemakaman Rinaldi Korban Mutilasi;163;32;Jateng-DIY
MA Didesak Bentuk Tim Internal Selidiki Oknum Lain di Kasus Nurhadi;16;0;Nasional
Berkas Kasus Red Notice Djoko Tjandra Kembali Diliimpahkan Polri ke Kejagung;18;2;Nasional
Muhammadiyah Desak KPU Tunda Pilkada;9;0;Nasional
Komisi VIII DPR Pertimbangkan Gelar Tes Swab setelah Menag Kena Corona;9;0;Nasional
Menag Fachrul Razi Terakhir Bertemu Jokowi 7 September, Swabnya Negatif;12;0;Nasional
100 Kios-Los Hangus Saat Kebakaran Pasar Wage Purwokerto;15;0;Nasional
Penanganan Covid Dinilai Belum Maksimal Muhammadiyah Minta Jokowi Evaluasi Menteri;16;2;Nasional
Viral Keributan Pemobil dengan Rombongan Ambulans Jenazah di Banyumas;24;0;Jateng-DIY
Karyawan dan 38 Nakes RS Soeradji Klaten Positif Corona;75;2;Jateng-DIY
Profil Menag Fachrul Razi yang Positif Corona;7;0;Nasional
Liputan 6 Resmi Laporkan Kasus Doxing Jurnalisnya ke Polda Metro;11;0;Nasional
Pria Paruh Baya di Klaten Tewas Ditabrak Lari Usai Antar Istri ke Pasar;14;3;Jateng-DIY
Paslon Langgar Protokol Corona, Ini Sanksinya;11;0;Nasional
Sudah Lama Tak Makan Dalih Sejoli Nekat Mutilasi Rinaldi;25;2;Nasional
Dokumen Rahasia Bocor! HSBC Diduga Bantu Penipuan Jutaan Dolar;16;2;Ekonomi
Dompet Digital Ramai-ramai Perketat dan Setop Paylater;23;2;Ekonomi
Atasi Macet di Jalur Puncak Menhub Gandeng ITB;16;2;Ekonomi
Merasa Ditipu, Ibunda Rachel Vennya Lapor Polisi;23;2;Entertaintment
Saka Praja, Anak Didi Kempot Rilis Lagu Tentang Kerinduan pada Ayah;16;2;Entertaintment
Banksy Kalah di Meja Hijau Gegara Kasus Dagang Karya Seninya;9;0;Entertaintment
Jadi Bintang Iklan Sabun, Asri Welas: Kakinya Aku Wajahnya Dian Sastro;22;2;Entertaintment
Gisel Curhat ke Wijin, Sedih Gempi Tonton YouTube Gading Marten;15;0;Entertaintment
Meggy Wulandari Sudah Nikah Lagi Usai Baru Cerai dari Kiwil;22;2;Entertaintment
Sempat Ingin Jadi Pilot, Saka Praja Ungkap Alasan Mantap Jadi Penerus Didi Kempot;10;2;Entertaintment
Gagal Nyalon, Aldi Taher Ngaku Keluar Banyak Modal;11;0;Entertaintment
Eiichiro Oda Bagikan Sketsa Awal saat Bikin Karakter Zoro;35;0;Entertaintment
Acha Septriasa Digaet Bintangi Film Internasional Berjudul Daemon Mind;35;2;Entertaintment
Sidang Perkara Jerinx Tetap Online, Pengajuan Ganti Majelis Hakim Ditolak;9;2;Entertaintment
Jumlah Akun Medsos Resmi Paslon Pilkada Dibatasi Maksimal 20;19;2;Nasional
Heboh Sumur Warga Keluarkan Bensin di Brebes;14;0;Jateng-DIY
Menag Fachrul Razi Positif Corona, Akses Masuk Kantor Kemenag Diperketat;13;0;Nasional
Positif Covid, Menteri Agama Fachrul Razi Jalani Isolasi di Rumah Sakit;11;0;Nasional
Kapolri Terbitkan Maklumat Kepatuhan Protokol Kesehatan Pilkada 2020;20;2;Nasional
Modus Gandakan Uang dengan Ritual Pria Ini Gasak Ratusan Juta di Sleman;79;7;Jateng-DIY
Kemenag Tracing Pejabat-Staf yang Kontak Langsung dengan Fachrul Razi;13;2;Nasional
Video Viral Angkringan Kopi Jos Yogya Ramai Tanpa Protokol Kesehatan Jadi Sorotan;13;2;Jateng-DIY
Mantan Walkot Herry Zudianto dan 2 Pengurus PWM DIY Kena Corona;13;0;Jateng-DIY
Video Kerumunan di Kopi Jos Yogya Viral, Satpol PP Ancam akan Tutup;20;2;Jateng-DIY
Karyawan ? 38 Nakes Kena Corona, RS Soeradji Klaten Jadi Klaster Perkantoran;35;3;Jateng-DIY
Pemda DIY Ancam Tutup Usaha yang Layani Pembeli Abai Protokol Kesehatan;74;5;Jateng-DIY
Jenazah di Cilacap Ini Ternyata Positif Corona Sebelumnya Sempat Dimandikan Warga;18;2;Jateng-DIY
Terungkap, Rossi Jatuh Karena Nggak Sengaja Tekan Tuas Rem;22;2;sport
Surat Penundaan Pilkada 2020 Beredar, Komisi II: Masih Tetap 9 Desember;13;2;Nasional
Atap Plafon Gedung Merah Putih KPK Jebol saat Hujan Deras;14;0;Nasional
Nenek Suratmi Hilang di Perbukitan Jepara Sejak Sabtu;16;0;Jateng-DIY
Newgraha Sang Juara, Siap Go Public di Tengah Krisis;116;5;Ekonomi
Cek Hp Sekarang! Bantuan Kuota Internet Gratis Pemerintah Disalurkan Hari ini;101;2;Nasional
BMKG Imbau Masyarakat Waspada Cuaca Ekstrem Sepekan ke Depan;8;0;Nasional
12 Anggota Polres Pekalongan Positif Covid-19;26;2;Jateng-DIY
Gibran Tak Masalah Pilkada Diundur, Bajo Ngaku Berat di Ongkos;10;0;Jateng-DIY
Gegara Layangan, Sejumlah Jaringan Listrik Rembang Kerap Terganggu;10;0;Jateng-DIY
Karyawan BPR BKK Banjarnegara Diduga Korupsi Dana Nasabah Rp 1 M;76;2;Jateng-DIY
Keributan Rombongan Ambulans-Pemobil Banyumas karena Salah Paham;15;2;Jateng-DIY
Gudang Pakan Ternak di Salatiga Hangus Terbakar;8;0;Jateng-DIY
Pria Jepara Ini Ditemukan Tak Bernyawa di Rumahnya;12;0;Jateng-DIY
Positif Covid-19, Dokter Ahli Radiologi di RS Orthopedi Solo Meninggal Dunia;13;0;Jateng-DIY
Warga Wonogiri Rasakan Getaran Gempa Pacitan;18;0;Jateng-DIY
Hujan Guyur Jakarta Semalaman, Pagi Ini 49 RT dan 23 Jalan Terendam Banjir;7;0;Nasional
DPRD Minta Pemprov DKI Segera Atasi Banjir di Tengah Pandemi;11;0;Nasional
Banjir Kembali Landa DKI, Hari Ini 104 Jiwa Mengungsi;11;0;Nasional
Bahas Pilkada 2020, Menko Polhukam-Mendagri Undang Sekjen Parpol;19;2;Nasional
Sesuai UU PilkadaBisa Ditunda Jika Corona Belum Berakhir;10;0;Nasional
Sumber Suara Dentuman di Jakarta Ternyata dari TNT di Acara Paskhas;13;0;Nasional
RSU Soetomo Kembali Berduka, Seorang Perawat Meninggal Kena Corona;13;0;Nasional
Brigjen Setyo hingga 5 Korwil dari Polri Resmi Dilantik Jadi Dirdik KPK;11;0;Nasional
Anggota Ombudsman Kritik Kemendikbud karena Dikirimi Paket Kuota Internet;12;0;Nasional
Begini Penampakan Arca Ganesha di Perempatan Kampung di Klaten;72;8;Jateng-DIY
Seniman Betawi Benyamin Sueb Jadi Google Doodle Hari Ini;8;0;Entertaintment
Foto Seksi Revina VT Malah Disebut Polusi Visual;17;0;Entertaintment
Sidang Umum ke-75 PBB BTS Diundang Berpidato untuk Anak Muda;11;0;Entertaintment
Sandra Dewi Ketakutan Nggak Bisa Makan karena Suami Beramal di Luar Logika;20;0;Entertaintment
Jelang Akhir Masa Jabatan, Pasha Luncurkan Album Solo di Atas Langit;9;0;Entertaintment
Istri Gerebek Eko Patrio Saat Jalan Sama Cewek di Mal?;22;0;Entertaintment
Fans Beratnya Meninggal Dunia, Anne Avantie Berduka;152;2;Entertaintment
Jessica Iskandar Menuju Pensiun Jadi Artis, Ini Sumber Pemasukannya;24;2;Entertaintment
Nek Suratmi Ditemukan Tewas di Tengah Hutan Jepara Setelah 3 Hari Hilang;12;0;Jateng-DIY
Terendam Banjir Pabrik Aqua Tutup Sementara;23;2;Ekonomi
Huawei Bakal PHK Pekerja dan Stop Investasi di Australia;15;0;Ekonomi
Michael Lonsdale Penjahat James Bond Meninggal di Usia 89;12;2;Entertaintment
Corona Tembus 4.000 Sehari, IDI Khawatir Kapasitas Kesehatan Tak Cukup;20;2;Nasional
Ratusan Buruh Pabrik Turun ke Jalan Protes PHK Sepihak;51;9;Jateng-DIY
Pilkada Harus Ditunda, Ini Alasannya Menurut Pusat Studi Hukum FH UII;16;0;Jateng-DIY
Jumlah Kasus Baru Corona di Boyolali Turun, Sempat Zona Merah Kini Oranye;12;0;Jateng-DIY
Raden Rangga dan 2 Petinggi Sunda Empire Dituntut 4 Tahun Penjara;23;2;Nasional
Sultan Minta Kabupaten ? Kota Tak Segan Beri Sanksi Pelanggar Prokes;13;2;Jateng-DIY
Timses Pilih Megawati dan Puan Jadi Jurkam Gibran ? Teguh di Pilkada Solo;11;0;Jateng-DIY
MAKI Mohonkan Penetapan Tersangka atas AIJ karena Diduga Halangi Penyidikan;19;2;Nasional
Klaster Bawaslu Boyolali Dinyatakan Berhenti, 103 Panwas Sembuh Corona;80;2;Jateng-DIY
Mendagri Larang Keras Kerumunan Massa Saat Penetapan Paslon Pilkada Besok;15;2;Nasional
Kasus Corona di RI Tambah 4.071 pada 22 September Jadi 252.923;13;0;Nasional
Ini Alasan Jokowi Tidak Menunda Pilkada;18;0;Nasional
2 Pekan Bakal Cabup Purbalingga Dirawat di RS Jakarta;19;0;Nasional
Guru Besar Epidemiologi di Bali Meninggal karena Corona;23;0;Nasional
Ilham Saputra Jadi Plh Ketua KPU Gantikan Arief Budiman;10;0;Nasional
FAKI Gabung Halim-Joko;32;0;Jateng-DIY
Tom Cruise Bakal Syuting di Luar Angkasa Oktober 2021;9;0;Entertaintment
Ketua KPU Arief Budiman Dirujuk ke RSPAD;40;2;Nasional
Dalam Sepekan Kasus Kematian Corona di RI Naik 18,9%;16;2;Nasional
1.392 Pedagang Pasar Terinfeksi Corona;17;0;Nasional
Polisi Angkat Bicara Soal Kabar Massa Pesilat Akan Turun ke Jalan di Solo;17;0;Nasional
Noah Ultah, Ini Ungkapan BCL Menyentuh Hati;17;0;Entertaintment
Hana Hanifah Kini Jualan Bandeng Usai Ditangkap Kasus Dugaan Prostitusi;12;0;Entertaintment
Bukan Covid, Timses: Bacabup Purbalingga Oji Dirawat di RS karena Kecapekan;18;0;Jateng-DIY
Polisi Tetapkan Pelaku Pelecehan di Bandara Soekarno-Hatta Jadi Tersangka;14;2;Nasional
Satgas Sebut Zona Merah Covid-19 Bertambah 17 Kabupaten dan Kota;19;0;Nasional
Secepat Itukah Jose Mourinho Akan Dipecat?;11;0;sport
Polisi Selidiki Viral Pejalan Kaki Dibegal di Kemayoran;19;0;Nasional
Shopee Liga 1 2020: PR PT LIB Sebelum Kompetisi Jalan Lagi;20;2;sport
KAI Tambah Stasiun yang Layani Rapid Test, Ini Daftarnya;14;0;Nasional
Berbahasa Indonesia, Jokowi Pidato di Sidang Umum PBB;17;0;Nasional
Sampoerna Foundation Angkat Bicara Soal Isu Ikut Sederhanakan Kurikulum-Usul Sejarah Dihapu;27;2;Nasional
Jokowi: 75 Tahun PBB, Dunia yang Kita Impikan Belum Tercapai;75;2;Nasional
Labfor Polda Jateng Sebut Kebakaran Pasar Wage Purwokerto Akibat Korsleting Listrik;9;0;Jateng-DIY
Dikabarkan Meninggal Dunia, Elvy Sukaesih : Alhamdulillah Sehat;11;0;Entertaintment
Meggy Wulandari: Cerai dari Kiwil Kini Nikah Siri;22;0;Entertaintment
Gagal Maju Pilkada, Pasha: Ada Momentum Hilang;7;0;Entertaintment
Generasi Milenial Jangan Terkecoh Ekstrem Kanan/Kiri;18;0;Entertaintment
Dirut PDAM Kudus Didakwa Pungut Rp 720 Juta dari Calon Pegawai;25;0;Jateng-DIY
Tersengat Listrik Pekerja Serabutan di Rembang Tewas;58;4;Jateng-DIY
Gibran Tak Permasalahkan Pilkada Diundur;10;2;Jateng-DIY
Jeni Adik Ipar Ganjar Maju Lawan Jagoan PDIP di Pilkada Purbalingga;18;0;Jateng-DIY
Tukang Becak di Tegal Positif Corona Keluyuran Cari Penumpang;292;88;Jateng-DIY
Gibran Mengaku Tersanjung Mega-Puan Jadi Jurkamnya di Pilkada Solo;12;0;Jateng-DIY
Tukang Becak di Tegal Kena Corona Keluyuran, Tetangga Ngungsi;19;2;Jateng-DIY
22 Persen Listrik di Kudus Padam Gegara Jaringan Tertimpa Banyak Pohon Tumbang;13;0;Jateng-DIY
Kades di Banyumas Terlanjur Bagikan Ribuan Masker Scuba ke Warga;23;0;Jateng-DIY
Siasat Pinangki Sempat Sarankan Djoko Tjandra Ditahan Jaksa Dulu;19;0;Nasional
Cara Pinangki ?Cuci Uang? Rp 6 M Lebih Beli BMW hingga Sewa Apartemen;15;0;Nasional
Didakwa Terima Suap dari Djoko Tjandra, Pinangki Ajukan Eksepsi;10;2;Nasional
KPU Gunungkidul Tetapkan 4 Paslon di Pilkada Gunungkidul;22;2;Jateng-DIY
Pernikahan hingga Hiburan Malam Jadi Klaster Baru Corona di DKI;13;2;Nasional
3 Paslon Resmi Ditetapkan KPU Sleman Maju Pilkada 2020;13;0;Jateng-DIY
26 Positif Corona Pasca Tracing Klaster Pasar Cebongan Sleman;13;0;Jateng-DIY
Wagub DKI Klaim Kesembuhan Pasien Corona 78% Setelah Seminggu PSBB Diperketat;13;0;Jateng-DIY
Resmi Ditetapkan KPU, Anak Walkot Magelang Dipastikan Maju Pilkada 2020;17;0;Nasional
Pria Sragen Cabuli 3 Anak di Bawah Umur Modus Ancam Viralkan Foto Tak Senonoh;14;2;Jateng-DIY
Erick Tegaskan Direksi Pertamina Tak Lobi Menteri;13;0;Jateng-DIY
Jokowi Minta Pembagian Jatah Garapan Lumbung Pangan Diperjelas;11;0;Nasional
KAI Diskon Harga Tiket Kereta di 20 Rute;14;0;Ekonomi
Polo Srimulat Kini Bisa Kembali Bekerja Setelah Sembuh dari Sakit Paru-paru;8;0;Entertaintment
Film Animasi 3D Candy Monster Karya UMN Tembus Festival Internasional;36;2;Entertaintment
FKY 2020 Akan Digelar Daring dan Terbatas Awal Pekan Ini;15;2;Jateng-DIY
Respons IDI Terkait Jumlah Nakes Gugur di Indonesia Masuk 10 Besar di Dunia;11;0;Nasional
Rekor, Hari Ini Kasus Corona Tambah 4.465, Total 257.388 Positif;15;0;Nasional
Jika RUU HIP Jadi UU Gatot Nurmantyo Yakini Peristiwa Tahun ?65 Akan Berulang;18;0;Nasional
Politikus PDIP Tepis Tudingan Gatot Soal Wanti-wanti Diganti karena Film G30S/PKI;17;0;Nasional
Viral Rumah Tua di Tengah Kebun Jati Gunungkidul Dulunya Rumah Bupati;71;32;Jateng-DIY
Resmi Ditetapkan KPU, 2 Paslon Maju Pilkada Demak;17;2;Jateng-DIY
Tiga Paslon Pilkada Kendal Ditetapkan KPU, Ini Daftarnya;16;0;Jateng-DIY
Hamili Adik Ipar, Dukun Ini Bunuh Bayinya Sendiri yang Baru Dilahirkan;741;199;Jateng-DIY
Sumur yang Bikin Heboh karena Keluarkan Bensin di Brebes Sudah Dikuras;13;0;Jateng-DIY
Sumur yang Bikin Heboh karena Keluarkan Bensin di Brebes Sudah Dikuras;15;0;Jateng-DIY
Karyawan Kesehatan di Sleman Kena Corona Sudah 200 Lebih;11;0;Jateng-DIY
Suhu di Yogya Terasa Sumuk, Ini Penjelasan BMKG;15;3;Jateng-DIY
Viral Rumah Tua di Tengah Kebun Jati Gunungkidul Dulunya Rumah Bupati;73;2;Jateng-DIY
